Date,Time,Transport_Mode,Route,Start_Location,End_Location,Distance_km,Passenger_Count,Delay_Duration_min,CO2_Emissions_kg,Satisfaction_Score
2025-01-01,06:00,Metro,M-Red,East District,South District,18.7,469,11,0.56,4.0
2025-01-01,14:15,Bus,B-58,City Center,South District,8.8,28,0,0.88,4.0
2025-01-01,21:15,Bus,B-14,North District,East District,4.4,57,14,0.44,3.0
2025-01-01,21:45,Bus,B-15,West District,South District,13.6,43,10,1.36,4.0
2025-01-01,22:00,Tram,T-1,North District,East District,9.6,105,6,0.38,4.0
2025-01-02,06:00,Metro,M-Red,City Center,West District,15.8,350,1,0.47,2.0
2025-01-02,07:45,Tram,T-4,South District,North District,2.2,92,8,0.09,4.0
2025-01-02,15:30,Metro,M-Yellow,City Center,East District,15.1,297,1,0.45,4.0
2025-01-02,20:15,Metro,M-Blue,North District,City Center,28.0,284,3,0.84,2.0
2025-01-02,21:00,Bus,B-41,North District,South District,3.8,64,9,0.38,2.0
2025-01-02,22:00,Bus,B-63,City Center,West District,2.1,45,2,0.21,3.0
2025-01-03,13:15,Tram,T-1,East District,City Center,3.5,115,3,0.14,3.0
2025-01-03,20:45,Metro,M-Blue,West District,South District,13.8,401,1,0.41,5.0
2025-01-04,05:15,Metro,M-Yellow,South District,West District,16.1,346,2,0.48,4.0
2025-01-04,10:15,Rail,R-Local,South District,West District,44.3,650,0,2.21,3.0
2025-01-04,10:45,Tram,T-11,East District,South District,6.8,73,0,0.27,4.0
2025-01-04,12:00,Bus,B-83,East District,West District,3.1,26,0,0.31,3.0
2025-01-04,13:15,Metro,M-Green,West District,North District,20.3,223,0,0.61,4.0
2025-01-04,18:45,Bus,B-75,North District,City Center,8.8,46,0,0.88,2.0
2025-01-05,09:45,Bus,B-90,North District,West District,2.3,48,11,0.23,2.0
2025-01-05,18:00,Tram,T-6,North District,East District,7.4,111,9,0.3,4.0
2025-01-05,18:15,Bus,B-71,South District,City Center,11.7,34,6,1.17,3.0
2025-01-05,19:00,Bus,B-18,West District,North District,13.3,65,20,1.33,4.0
2025-01-05,23:15,Bus,B-21,North District,City Center,3.5,25,9,0.35,5.0
2025-01-05,23:30,Bus,B-68,South District,West District,7.1,11,0,0.71,5.0
2025-01-06,10:00,Bus,B-37,East District,North District,2.4,38,13,0.24,3.0
2025-01-06,19:00,Bus,B-29,West District,North District,10.4,18,0,1.04,2.0
2025-01-07,05:15,Bus,B-36,South District,West District,14.4,51,2,1.44,3.0
2025-01-07,19:30,Tram,T-11,South District,North District,5.8,107,5,0.23,2.0
2025-01-08,09:15,Bus,B-98,West District,North District,4.2,43,0,0.42,5.0
2025-01-08,14:00,Tram,T-13,West District,East District,6.4,96,0,0.26,2.0
2025-01-08,14:30,Metro,M-Green,North District,City Center,14.2,402,6,0.43,3.0
2025-01-08,16:15,Metro,M-Yellow,City Center,East District,16.9,73,0,0.51,3.0
2025-01-08,17:30,Metro,M-Green,City Center,East District,15.5,199,1,0.46,2.0
2025-01-08,23:45,Bus,B-45,North District,West District,9.0,63,1,0.9,3.0
2025-01-09,05:00,Metro,M-Red,East District,South District,10.4,223,0,0.31,4.0
2025-01-09,06:00,Metro,M-Green,South District,West District,18.9,273,8,0.57,4.0
2025-01-09,07:00,Metro,M-Yellow,East District,City Center,28.4,268,2,0.85,2.0
2025-01-09,15:00,Bus,B-65,North District,City Center,11.4,24,0,1.14,2.0
2025-01-09,23:30,Bus,B-16,West District,City Center,14.8,55,12,1.48,4.0
2025-01-10,05:30,Metro,M-Blue,North District,East District,10.6,441,0,0.32,3.0
2025-01-10,07:00,Bus,B-31,City Center,East District,14.3,15,6,1.43,3.0
2025-01-10,07:00,Bus,B-71,South District,East District,10.0,15,8,1.0,3.0
2025-01-10,09:00,Metro,M-Green,North District,West District,18.9,289,1,0.57,3.0
2025-01-10,11:15,Tram,T-14,East District,City Center,5.0,76,0,0.2,3.0
2025-01-10,20:30,Rail,R-Local,West District,South District,32.9,521,3,1.65,2.0
2025-01-11,06:15,Bus,B-38,East District,North District,4.4,78,22,0.44,3.0
2025-01-11,09:15,Metro,M-Blue,City Center,North District,5.6,323,7,0.17,3.0
2025-01-11,12:15,Bus,B-73,City Center,South District,8.6,50,0,0.86,3.0
2025-01-11,14:45,Bus,B-19,South District,North District,2.7,22,13,0.27,3.0
2025-01-11,19:00,Bus,B-75,East District,City Center,5.7,27,0,0.57,3.0
2025-01-11,19:15,Metro,M-Yellow,City Center,West District,20.2,372,9,0.61,5.0
2025-01-11,20:45,Bus,B-77,West District,North District,3.8,17,4,0.38,3.0
2025-01-12,11:00,Tram,T-9,North District,City Center,8.9,61,0,0.36,1.0
2025-01-12,17:30,Bus,B-85,East District,City Center,2.4,44,0,0.24,5.0
2025-01-13,06:15,Bus,B-61,City Center,North District,2.2,8,6,0.22,5.0
2025-01-13,07:00,Tram,T-11,North District,South District,6.6,107,9,0.26,4.0
2025-01-13,10:00,Bus,B-95,East District,North District,13.5,16,17,1.35,5.0
2025-01-13,18:15,Tram,T-10,North District,West District,4.4,75,2,0.18,3.0
2025-01-13,20:00,Metro,M-Red,West District,City Center,29.4,240,1,0.88,4.0
2025-01-14,06:30,Tram,T-8,North District,East District,5.9,28,3,0.24,3.0
2025-01-14,07:00,Bus,B-50,City Center,South District,12.8,13,22,1.28,2.0
2025-01-14,07:45,Tram,T-9,North District,West District,5.8,55,4,0.23,3.0
2025-01-14,09:15,Bus,B-65,West District,South District,11.1,38,8,1.11,2.0
2025-01-14,09:30,Tram,T-2,City Center,South District,4.7,87,8,0.19,3.0
2025-01-14,10:30,Shared Cycling,Cycle-Share,South District,City Center,2.4,1,0,0.0,4.0
2025-01-14,12:30,Bus,B-24,South District,West District,13.1,35,18,1.31,4.0
2025-01-14,17:15,Metro,M-Blue,West District,City Center,12.0,190,13,0.36,5.0
2025-01-14,19:15,Metro,M-Blue,East District,City Center,19.3,349,1,0.58,4.0
2025-01-14,22:15,Rail,R-Local,West District,South District,27.9,549,26,1.4,5.0
2025-01-14,23:45,Metro,M-Green,West District,East District,7.3,363,0,0.22,4.0
2025-01-15,11:00,Rail,R-Express,South District,East District,66.6,546,0,3.33,3.0
2025-01-15,11:45,Metro,M-Yellow,North District,East District,15.6,238,7,0.47,4.0
2025-01-15,12:00,Bus,B-65,North District,South District,14.9,62,27,1.49,3.0
2025-01-15,15:00,Metro,M-Red,South District,East District,5.6,271,0,0.17,3.0
2025-01-15,16:00,Rail,R-Local,East District,West District,29.4,591,0,1.47,3.0
2025-01-15,18:30,Bus,B-32,City Center,South District,7.6,44,0,0.76,5.0
2025-01-15,18:30,Tram,T-13,South District,City Center,4.1,86,10,0.16,3.0
2025-01-15,19:45,Metro,M-Blue,East District,South District,13.1,519,5,0.39,3.0
2025-01-16,06:45,Tram,T-1,South District,East District,2.6,83,3,0.1,2.0
2025-01-16,12:30,Bus,B-70,South District,West District,11.3,29,3,1.13,2.0
2025-01-16,13:45,Metro,M-Yellow,East District,West District,17.5,149,0,0.53,5.0
2025-01-16,17:00,Bus,B-65,East District,West District,6.8,44,13,0.68,2.0
2025-01-16,18:30,Bus,B-15,South District,East District,7.6,56,20,0.76,3.0
2025-01-16,22:45,Metro,M-Green,South District,East District,9.1,343,0,0.27,4.0
2025-01-17,13:30,Bus,B-45,West District,South District,13.4,26,3,1.34,2.0
2025-01-17,14:45,Metro,M-Yellow,City Center,West District,22.0,282,1,0.66,
2025-01-17,16:00,Bus,B-24,City Center,North District,11.6,1,6,1.16,3.0
2025-01-17,17:15,Bus,B-15,City Center,East District,4.1,47,15,0.41,2.0
2025-01-17,19:45,Tram,T-5,South District,City Center,9.3,68,0,0.37,5.0
2025-01-17,21:15,Bus,B-11,North District,City Center,9.5,37,0,0.95,3.0
2025-01-17,22:45,Bus,B-71,City Center,West District,10.0,41,15,1.0,5.0
2025-01-18,12:00,Bus,B-36,City Center,East District,13.6,73,5,1.36,1.0
2025-01-18,17:00,Bus,B-43,East District,City Center,11.6,36,10,1.16,2.0
2025-01-19,07:00,Bus,B-11,North District,City Center,8.1,41,5,0.81,4.0
2025-01-19,10:30,Rail,R-Local,West District,City Center,77.7,496,0,3.89,2.0
2025-01-19,13:00,Bus,B-46,South District,West District,9.5,33,0,0.95,2.0
2025-01-19,17:30,Metro,M-Green,South District,West District,16.8,463,1,0.5,3.0
2025-01-19,21:45,Tram,T-4,West District,North District,9.6,72,9,0.38,3.0
2025-01-19,23:15,Metro,M-Red,East District,North District,6.8,148,0,0.2,2.0
2025-01-20,06:15,Rail,R-Express,North District,East District,37.6,168,31,1.88,3.0
2025-01-20,09:00,Tram,T-11,City Center,North District,4.7,69,14,0.19,3.0
2025-01-20,15:45,Bus,B-11,North District,South District,14.3,47,0,1.43,4.0
2025-01-20,16:00,Rail,R-Express,North District,South District,64.2,493,10,3.21,4.0
2025-01-20,16:30,Shared Cycling,Cycle-Share,West District,North District,4.1,1,0,0.0,4.0
2025-01-20,18:30,Metro,M-Green,City Center,West District,5.7,304,5,0.17,3.0
2025-01-20,23:15,Bus,B-48,City Center,North District,13.4,49,19,1.34,4.0
2025-01-21,07:15,Tram,T-11,City Center,South District,4.8,46,0,0.19,
2025-01-21,08:45,Bus,B-10,North District,West District,13.7,37,11,1.37,3.0
2025-01-21,10:00,Bus,B-42,North District,South District,14.2,38,10,1.42,2.0
2025-01-21,11:15,Tram,T-10,South District,East District,9.6,36,9,0.38,1.0
2025-01-21,11:45,Bus,B-11,City Center,East District,12.0,53,2,1.2,4.0
2025-01-21,21:45,Shared Cycling,Cycle-Share,South District,East District,4.6,1,0,0.0,5.0
2025-01-21,21:45,Bus,B-50,North District,East District,3.7,13,5,0.37,1.0
2025-01-21,22:30,Bus,B-49,East District,North District,2.1,31,3,0.21,3.0
2025-01-22,05:15,Bus,B-69,East District,City Center,6.0,12,11,0.6,3.0
2025-01-22,06:15,Bus,B-19,South District,East District,10.3,33,0,1.03,2.0
2025-01-22,10:30,Tram,T-11,East District,West District,7.5,39,5,0.3,3.0
2025-01-22,16:00,Bus,B-60,South District,East District,10.3,40,0,1.03,3.0
2025-01-22,16:15,Bus,B-55,South District,City Center,13.9,30,10,1.39,1.0
2025-01-22,16:45,Bus,B-99,West District,South District,12.6,57,0,1.26,2.0
2025-01-22,17:15,Bus,B-87,East District,North District,13.8,43,0,1.38,3.0
2025-01-23,06:00,Metro,M-Green,South District,North District,29.4,337,0,0.88,3.0
2025-01-23,10:00,Bus,B-83,City Center,North District,10.5,26,6,1.05,3.0
2025-01-23,13:00,Tram,T-13,West District,North District,4.7,65,0,0.19,5.0
2025-01-23,13:30,Metro,M-Blue,East District,City Center,11.5,308,6,0.34,3.0
2025-01-23,19:15,Bus,B-80,East District,West District,2.8,35,4,0.28,3.0
2025-01-23,19:45,Rail,R-Express,West District,City Center,78.4,283,0,3.92,3.0
2025-01-23,23:00,Metro,M-Yellow,City Center,West District,17.8,153,0,0.53,4.0
2025-01-23,23:00,Shared Cycling,Cycle-Share,West District,South District,4.1,1,0,0.0,
2025-01-23,23:15,Rail,R-Local,East District,West District,36.4,312,13,1.82,1.0
2025-01-24,05:00,Bus,B-40,South District,City Center,12.4,45,20,1.24,2.0
2025-01-24,07:45,Bus,B-61,West District,South District,2.5,23,11,0.25,3.0
2025-01-24,09:15,Bus,B-64,South District,North District,11.1,34,0,1.11,3.0
2025-01-24,09:45,Bus,B-76,East District,West District,6.1,43,2,0.61,4.0
2025-01-24,16:30,Bus,B-28,West District,North District,13.7,64,0,1.37,4.0
2025-01-24,17:30,Metro,M-Blue,South District,North District,24.2,302,0,0.73,4.0
2025-01-24,18:00,Bus,B-83,North District,South District,5.5,54,21,0.55,4.0
2025-01-24,21:00,Bus,B-45,City Center,West District,6.1,57,6,0.61,3.0
2025-01-24,22:45,Rail,R-Local,West District,East District,50.0,373,6,2.5,4.0
2025-01-25,10:00,Bus,B-17,East District,South District,3.0,48,0,0.3,1.0
2025-01-25,12:30,Bus,B-30,East District,City Center,10.1,49,11,1.01,2.0
2025-01-25,16:45,Metro,M-Green,West District,North District,13.3,243,0,0.4,3.0
2025-01-25,17:30,Bus,B-52,East District,South District,8.7,62,4,0.87,5.0
2025-01-26,09:00,Metro,M-Yellow,North District,South District,23.3,443,3,0.7,2.0
2025-01-26,12:15,Metro,M-Yellow,South District,East District,7.3,313,1,0.22,3.0
2025-01-26,13:00,Shared Cycling,Cycle-Share,City Center,North District,2.6,1,0,0.0,3.0
2025-01-26,14:30,Metro,M-Green,North District,City Center,19.7,296,0,0.59,4.0
2025-01-26,15:00,Metro,M-Blue,East District,West District,13.5,245,11,0.4,4.0
2025-01-26,16:15,Bus,B-34,South District,West District,14.5,53,17,1.45,4.0
2025-01-26,16:15,Metro,M-Red,City Center,North District,26.8,262,6,0.8,3.0
2025-01-26,20:00,Tram,T-14,North District,West District,3.0,178,0,0.12,5.0
2025-01-26,20:45,Bus,B-26,North District,South District,4.0,34,0,0.4,2.0
2025-01-27,06:00,Tram,T-9,West District,East District,4.7,101,3,0.19,3.0
2025-01-27,08:00,Bus,B-65,West District,South District,9.4,47,3,0.94,4.0
2025-01-27,09:15,Bus,B-60,East District,North District,8.1,48,2,0.81,3.0
2025-01-27,09:45,Metro,M-Blue,West District,South District,13.0,339,6,0.39,3.0
2025-01-27,10:45,Bus,B-94,East District,West District,8.3,40,11,0.83,4.0
2025-01-27,16:00,Metro,M-Blue,North District,South District,19.1,372,0,0.57,3.0
2025-01-27,17:00,Bus,B-52,East District,West District,5.0,6,0,0.5,3.0
2025-01-27,17:45,Tram,T-9,East District,North District,7.9,12,5,0.32,3.0
2025-01-27,18:00,Metro,M-Red,North District,South District,14.1,269,5,0.42,3.0
2025-01-27,19:00,Metro,M-Red,City Center,West District,22.8,345,0,0.68,3.0
2025-01-27,23:15,Bus,B-42,North District,South District,7.9,18,16,0.79,4.0
2025-01-28,07:30,Bus,B-64,West District,North District,10.3,24,19,1.03,5.0
2025-01-28,07:30,Metro,M-Yellow,West District,North District,26.9,351,10,0.81,
2025-01-28,08:00,Metro,M-Green,North District,South District,10.7,190,0,0.32,3.0
2025-01-28,10:45,Metro,M-Green,West District,North District,9.6,112,12,0.29,3.0
2025-01-28,17:15,Rail,R-Express,City Center,East District,46.0,295,0,2.3,3.0
2025-01-29,18:45,Metro,M-Blue,East District,South District,20.7,267,3,0.62,4.0
2025-01-29,20:15,Bus,B-51,South District,West District,3.8,25,0,0.38,1.0
2025-01-29,20:15,Bus,B-62,City Center,West District,11.2,10,3,1.12,1.0
2025-01-29,22:45,Bus,B-55,West District,City Center,6.1,37,30,0.61,2.0
2025-01-29,23:00,Bus,B-94,North District,City Center,11.4,18,4,1.14,2.0
2025-01-30,08:30,Metro,M-Yellow,East District,South District,27.0,233,3,0.81,3.0
2025-01-30,09:30,Metro,M-Blue,East District,North District,19.6,292,1,0.59,4.0
2025-01-30,11:45,Tram,T-14,City Center,North District,6.9,84,0,0.28,4.0
2025-01-30,16:00,Metro,M-Blue,City Center,East District,13.2,376,3,0.4,4.0
2025-01-30,21:45,Metro,M-Red,City Center,West District,10.2,335,0,0.31,4.0
2025-01-30,22:45,Metro,M-Yellow,South District,City Center,8.2,348,4,0.25,4.0
2025-01-31,09:00,Tram,T-4,North District,South District,2.3,49,0,0.09,3.0
2025-01-31,09:15,Bus,B-32,North District,East District,12.7,35,16,1.27,4.0
2025-01-31,15:45,Metro,M-Red,City Center,East District,23.9,329,0,0.72,5.0
2025-01-31,19:15,Metro,M-Green,West District,City Center,26.3,129,0,0.79,
2025-01-31,23:15,Metro,M-Blue,West District,East District,5.0,234,0,0.15,3.0
2025-01-31,23:45,Bus,B-10,South District,West District,3.0,77,2,0.3,2.0
2025-02-01,07:15,Tram,T-6,West District,City Center,2.0,88,12,0.08,4.0
2025-02-01,11:45,Metro,M-Blue,East District,South District,24.3,207,0,0.73,3.0
2025-02-01,12:00,Bus,B-28,West District,East District,13.7,46,8,1.37,2.0
2025-02-01,15:00,Bus,B-15,West District,South District,14.7,41,12,1.47,2.0
2025-02-01,17:45,Bus,B-86,East District,West District,7.6,32,18,0.76,3.0
2025-02-01,21:00,Bus,B-73,West District,East District,5.9,38,22,0.59,2.0
2025-02-02,05:45,Bus,B-86,South District,North District,9.4,33,25,0.94,2.0
2025-02-02,06:30,Bus,B-81,South District,North District,4.9,31,6,0.49,4.0
2025-02-02,08:30,Rail,R-Local,North District,South District,28.2,330,23,1.41,2.0
2025-02-02,15:00,Metro,M-Green,West District,East District,14.4,427,5,0.43,3.0
2025-02-02,16:15,Tram,T-10,East District,North District,5.5,113,8,0.22,3.0
2025-02-02,20:00,Bus,B-92,East District,South District,12.5,41,31,1.25,3.0
2025-02-02,20:15,Bus,B-51,City Center,East District,14.8,43,0,1.48,3.0
2025-02-03,12:00,Tram,T-1,West District,City Center,9.6,83,2,0.38,2.0
2025-02-03,18:15,Metro,M-Green,West District,East District,29.2,334,0,0.88,3.0
2025-02-03,18:45,Bus,B-55,South District,East District,8.5,50,3,0.85,2.0
2025-02-03,19:30,Tram,T-1,West District,East District,8.9,88,6,0.36,4.0
2025-02-03,23:45,Rail,R-Express,North District,West District,43.0,387,19,2.15,2.0
2025-02-03,23:45,Tram,T-12,West District,South District,4.0,36,5,0.16,3.0
2025-02-04,05:00,Tram,T-11,South District,North District,3.9,32,3,0.16,4.0
2025-02-04,05:30,Bus,B-67,East District,City Center,8.1,54,13,0.81,3.0
2025-02-04,14:15,Bus,B-84,East District,City Center,13.2,35,8,1.32,4.0
2025-02-04,17:00,Metro,M-Green,South District,West District,27.8,251,0,0.83,3.0
2025-02-04,18:15,Bus,B-16,East District,North District,2.4,34,0,0.24,4.0
2025-02-04,22:30,Tram,T-14,West District,East District,7.1,102,0,0.28,5.0
2025-02-04,23:15,Tram,T-3,City Center,South District,8.7,62,3,0.35,3.0
2025-02-05,05:00,Bus,B-37,North District,East District,6.0,34,0,0.6,3.0
2025-02-05,07:15,Bus,B-72,East District,West District,2.4,70,0,0.24,3.0
2025-02-05,07:30,Tram,T-8,North District,West District,6.2,78,3,0.25,4.0
2025-02-05,07:45,Tram,T-5,North District,East District,2.7,115,2,0.11,3.0
2025-02-05,08:15,Tram,T-15,East District,West District,5.4,84,3,0.22,3.0
2025-02-05,09:30,Metro,M-Red,North District,West District,23.6,409,0,0.71,2.0
2025-02-05,11:30,Bus,B-76,West District,East District,11.4,56,7,1.14,3.0
2025-02-05,15:30,Bus,B-56,South District,North District,11.4,34,4,1.14,2.0
2025-02-05,16:00,Metro,M-Yellow,South District,North District,25.9,325,0,0.78,3.0
2025-02-05,18:15,Tram,T-6,West District,North District,5.3,91,3,0.21,3.0
2025-02-05,20:15,Bus,B-41,South District,City Center,4.3,34,8,0.43,3.0
2025-02-05,21:45,Shared Cycling,Cycle-Share,East District,North District,3.4,1,0,0.0,5.0
2025-02-06,05:45,Metro,M-Blue,South District,City Center,7.2,322,5,0.22,3.0
2025-02-06,06:00,Metro,M-Green,North District,East District,27.0,317,4,0.81,3.0
2025-02-06,15:30,Tram,T-12,East District,City Center,8.9,97,2,0.36,4.0
2025-02-06,19:15,Bus,B-42,South District,City Center,9.8,27,0,0.98,2.0
2025-02-06,21:30,Bus,B-21,City Center,West District,7.2,25,9,0.72,4.0
2025-02-06,23:15,Tram,T-13,City Center,South District,9.7,122,9,0.39,3.0
2025-02-07,05:00,Bus,B-86,North District,East District,10.7,46,19,1.07,2.0
2025-02-07,05:15,Metro,M-Green,West District,North District,26.9,136,4,0.81,3.0
2025-02-07,06:15,Metro,M-Green,North District,West District,29.4,234,0,0.88,4.0
2025-02-07,06:30,Rail,R-Local,West District,North District,71.7,334,34,3.59,2.0
2025-02-07,06:45,Bus,B-88,South District,West District,11.4,34,14,1.14,3.0
2025-02-07,07:15,Rail,R-Local,West District,South District,78.2,228,20,3.91,3.0
2025-02-07,12:15,Metro,M-Green,East District,South District,8.5,378,0,0.26,1.0
2025-02-07,15:45,Bus,B-35,West District,East District,2.1,25,2,0.21,4.0
2025-02-07,20:15,Bus,B-71,North District,West District,5.3,59,0,0.53,2.0
2025-02-07,22:15,Bus,B-31,West District,South District,4.5,45,0,0.45,2.0
2025-02-07,22:45,Metro,M-Green,West District,North District,5.1,498,5,0.15,4.0
2025-02-07,23:45,Rail,R-Express,West District,City Center,79.4,338,25,3.97,1.0
2025-02-08,10:15,Bus,B-45,West District,North District,7.9,56,0,0.79,1.0
2025-02-08,11:30,Bus,B-61,North District,West District,8.3,37,0,0.83,3.0
2025-02-08,13:00,Tram,T-5,City Center,East District,6.9,111,10,0.28,3.0
2025-02-08,17:30,Bus,B-47,City Center,North District,13.0,21,0,1.3,3.0
2025-02-08,19:30,Metro,M-Yellow,South District,North District,20.2,223,1,0.61,
2025-02-08,19:45,Metro,M-Blue,South District,East District,7.3,226,5,0.22,3.0
2025-02-08,20:30,Bus,B-48,South District,West District,3.3,26,0,0.33,2.0
2025-02-08,23:15,Bus,B-85,South District,City Center,5.2,29,0,0.52,3.0
2025-02-09,06:30,Metro,M-Blue,East District,North District,25.7,207,0,0.77,4.0
2025-02-09,07:30,Bus,B-46,West District,North District,6.3,34,38,0.63,4.0
2025-02-09,08:30,Metro,M-Blue,West District,North District,20.0,247,7,0.6,2.0
2025-02-09,09:00,Metro,M-Green,West District,City Center,13.4,400,9,0.4,2.0
2025-02-09,17:45,Metro,M-Green,East District,West District,7.7,281,2,0.23,3.0
2025-02-09,23:45,Metro,M-Red,North District,East District,23.0,435,0,0.69,4.0
2025-02-10,06:00,Tram,T-8,East District,City Center,6.9,120,0,0.28,2.0
2025-02-10,07:00,Rail,R-Local,East District,North District,26.6,272,10,1.33,5.0
2025-02-10,12:30,Bus,B-90,East District,West District,2.7,25,0,0.27,2.0
2025-02-10,13:15,Rail,R-Express,East District,North District,53.4,249,19,2.67,2.0
2025-02-10,19:00,Metro,M-Blue,East District,South District,12.2,566,2,0.37,4.0
2025-02-10,19:30,Tram,T-12,East District,South District,5.7,64,0,0.23,3.0
2025-02-10,19:30,Rail,R-Local,City Center,East District,51.6,600,0,2.58,4.0
2025-02-10,20:45,Metro,M-Green,West District,East District,7.0,112,0,0.21,2.0
2025-02-10,22:45,Bus,B-97,North District,South District,14.9,43,0,1.49,3.0
2025-02-11,08:00,Metro,M-Red,North District,City Center,5.2,248,5,0.16,5.0
2025-02-11,08:45,Bus,B-58,East District,City Center,9.4,50,5,0.94,4.0
2025-02-11,08:45,Bus,B-38,West District,North District,7.1,44,0,0.71,4.0
2025-02-11,09:00,Bus,B-23,City Center,North District,7.5,33,6,0.75,5.0
2025-02-11,09:45,Metro,M-Green,South District,West District,23.0,1,3,0.69,4.0
2025-02-11,09:45,Bus,B-81,East District,City Center,11.1,53,11,1.11,2.0
2025-02-11,10:30,Metro,M-Green,City Center,West District,12.6,429,0,0.38,3.0
2025-02-11,11:30,Metro,M-Yellow,West District,North District,28.7,279,2,0.86,3.0
2025-02-11,14:30,Bus,B-67,City Center,South District,7.5,30,21,0.75,2.0
2025-02-11,15:30,Bus,B-13,South District,West District,2.4,23,20,0.24,2.0
2025-02-11,17:00,Bus,B-70,City Center,North District,10.5,32,0,1.05,4.0
2025-02-11,18:15,Metro,M-Red,South District,East District,21.2,474,6,0.64,4.0
2025-02-12,10:15,Bus,B-90,North District,East District,14.0,39,7,1.4,1.0
2025-02-12,10:30,Metro,M-Red,South District,North District,27.8,242,0,0.83,4.0
2025-02-12,20:00,Bus,B-88,West District,East District,11.5,28,0,1.15,3.0
2025-02-13,05:45,Rail,R-Express,East District,West District,51.4,455,3,2.57,4.0
2025-02-13,06:00,Metro,M-Green,North District,West District,16.7,293,0,0.5,2.0
2025-02-13,06:00,Bus,B-69,West District,City Center,7.9,57,28,0.79,3.0
2025-02-13,06:30,Bus,B-37,South District,City Center,10.6,27,16,1.06,3.0
2025-02-13,07:30,Metro,M-Blue,South District,City Center,11.1,459,9,0.33,3.0
2025-02-13,07:45,Metro,M-Yellow,East District,North District,6.0,312,0,0.18,3.0
2025-02-13,12:15,Metro,M-Red,South District,East District,18.1,417,8,0.54,4.0
2025-02-13,13:00,Rail,R-Local,North District,East District,76.8,357,25,3.84,4.0
2025-02-13,14:00,Bus,B-82,East District,South District,13.2,21,13,1.32,2.0
2025-02-14,11:00,Rail,R-Express,West District,South District,54.3,447,16,2.71,4.0
2025-02-14,14:15,Bus,B-10,City Center,West District,14.7,73,0,1.47,
2025-02-14,15:15,Bus,B-61,West District,South District,13.8,51,6,1.38,3.0
2025-02-14,22:30,Bus,B-62,East District,City Center,5.3,52,12,0.53,4.0
2025-02-15,08:15,Shared Cycling,Cycle-Share,South District,North District,3.6,1,0,0.0,5.0
2025-02-15,13:00,Bus,B-17,South District,City Center,9.5,42,5,0.95,2.0
2025-02-16,05:15,Metro,M-Red,North District,City Center,16.9,404,0,0.51,4.0
2025-02-16,12:30,Bus,B-10,North District,East District,6.4,34,32,0.64,3.0
2025-02-16,12:30,Rail,R-Express,South District,North District,64.0,209,5,3.2,3.0
2025-02-16,14:30,Tram,T-1,South District,East District,7.7,91,6,0.31,1.0
2025-02-16,15:45,Shared Cycling,Cycle-Share,East District,North District,0.8,1,0,0.0,5.0
2025-02-16,15:45,Metro,M-Green,South District,West District,6.9,386,0,0.21,3.0
2025-02-16,16:00,Metro,M-Blue,North District,West District,6.6,367,0,0.2,2.0
2025-02-16,20:30,Metro,M-Red,City Center,North District,27.8,284,0,0.83,4.0
2025-02-16,20:45,Metro,M-Green,City Center,North District,19.6,139,3,0.59,4.0
2025-02-16,21:30,Bus,B-96,West District,City Center,10.5,50,1,1.05,4.0
2025-02-16,23:00,Bus,B-46,South District,West District,12.7,63,12,1.27,4.0
2025-02-16,23:30,Bus,B-24,City Center,South District,7.7,36,0,0.77,4.0
2025-02-17,07:45,Metro,M-Green,City Center,South District,29.0,184,0,0.87,3.0
2025-02-17,08:30,Metro,M-Yellow,East District,West District,18.9,290,1,0.57,3.0
2025-02-17,12:15,Metro,M-Blue,East District,West District,24.5,348,9,0.73,3.0
2025-02-17,14:00,Metro,M-Blue,North District,West District,28.7,254,2,0.86,4.0
2025-02-17,14:15,Bus,B-92,East District,North District,14.6,35,0,1.46,3.0
2025-02-17,14:30,Metro,M-Green,East District,City Center,11.9,266,3,0.36,3.0
2025-02-17,14:45,Bus,B-33,City Center,West District,5.2,38,0,0.52,4.0
2025-02-17,15:45,Metro,M-Green,City Center,South District,8.0,402,0,0.24,3.0
2025-02-17,19:15,Tram,T-9,West District,North District,8.1,73,4,0.32,3.0
2025-02-17,23:45,Bus,B-78,City Center,North District,6.7,32,10,0.67,2.0
2025-02-18,08:00,Bus,B-45,East District,North District,8.4,45,15,0.84,5.0
2025-02-18,15:15,Bus,B-18,West District,East District,7.8,58,0,0.78,4.0
2025-02-18,21:15,Metro,M-Yellow,West District,East District,7.9,151,0,0.24,4.0
2025-02-19,05:30,Metro,M-Red,City Center,South District,9.9,402,3,0.3,4.0
2025-02-19,07:30,Metro,M-Blue,South District,East District,18.5,61,0,0.55,4.0
2025-02-19,09:15,Bus,B-78,West District,East District,3.6,57,0,0.36,3.0
2025-02-19,21:30,Metro,M-Blue,West District,South District,15.0,369,0,0.45,3.0
2025-02-19,21:45,Metro,M-Green,South District,West District,18.6,184,0,0.56,3.0
2025-02-19,22:00,Rail,R-Express,West District,City Center,33.5,216,0,1.68,3.0
2025-02-19,23:45,Bus,B-47,City Center,North District,2.3,62,0,0.23,5.0
2025-02-20,08:00,Bus,B-16,West District,City Center,3.1,50,11,0.31,
2025-02-20,14:00,Tram,T-8,South District,West District,7.7,110,16,0.31,3.0
2025-02-20,17:15,Bus,B-81,West District,East District,9.0,19,0,0.9,4.0
2025-02-20,18:15,Bus,B-53,West District,North District,10.5,31,0,1.05,2.0
2025-02-20,18:15,Bus,B-35,North District,East District,6.7,63,8,0.67,4.0
2025-02-20,18:30,Rail,R-Local,City Center,East District,48.7,268,15,2.44,2.0
2025-02-20,18:45,Metro,M-Red,North District,East District,11.9,498,0,0.36,3.0
2025-02-20,19:45,Bus,B-70,North District,West District,8.1,18,13,0.81,4.0
2025-02-21,05:00,Rail,R-Express,East District,City Center,61.2,314,20,3.06,1.0
2025-02-21,05:30,Bus,B-68,West District,East District,14.8,49,22,1.48,5.0
2025-02-21,09:15,Bus,B-74,East District,South District,11.3,46,1,1.13,3.0
2025-02-21,09:45,Metro,M-Yellow,North District,East District,13.3,363,3,0.4,4.0
2025-02-21,13:15,Metro,M-Yellow,North District,East District,19.0,146,7,0.57,3.0
2025-02-21,23:00,Shared Cycling,Cycle-Share,City Center,West District,2.6,1,0,0.0,4.0
2025-02-21,23:15,Bus,B-43,South District,North District,14.6,22,1,1.46,4.0
2025-02-22,06:00,Tram,T-12,South District,North District,4.8,58,0,0.19,3.0
2025-02-22,07:00,Metro,M-Green,West District,East District,17.7,208,8,0.53,4.0
2025-02-22,12:00,Tram,T-7,North District,West District,7.9,20,0,0.32,3.0
2025-02-22,13:30,Tram,T-13,South District,North District,7.5,66,7,0.3,2.0
2025-02-22,14:30,Bus,B-86,City Center,West District,5.4,49,17,0.54,3.0
2025-02-22,17:45,Rail,R-Local,South District,East District,74.0,589,0,3.7,2.0
2025-02-22,20:45,Rail,R-Local,South District,North District,39.8,193,0,1.99,4.0
2025-02-22,21:00,Metro,M-Green,West District,East District,5.8,444,0,0.17,2.0
2025-02-22,22:00,Metro,M-Blue,East District,City Center,26.7,373,0,0.8,4.0
2025-02-23,08:15,Bus,B-31,City Center,West District,3.0,46,0,0.3,2.0
2025-02-23,09:45,Metro,M-Yellow,City Center,East District,8.7,266,2,0.26,3.0
2025-02-23,15:00,Shared Cycling,Cycle-Share,City Center,West District,4.4,1,0,0.0,4.0
2025-02-23,15:00,Metro,M-Blue,West District,East District,18.1,425,0,0.54,4.0
2025-02-24,11:00,Tram,T-7,City Center,North District,7.5,67,0,0.3,4.0
2025-02-24,12:30,Bus,B-48,West District,South District,3.1,36,0,0.31,2.0
2025-02-24,13:00,Bus,B-38,West District,North District,11.9,33,14,1.19,4.0
2025-02-24,17:30,Metro,M-Yellow,North District,City Center,15.4,247,0,0.46,3.0
2025-02-24,22:45,Metro,M-Green,West District,North District,27.1,530,1,0.81,3.0
2025-02-24,23:00,Metro,M-Blue,East District,North District,15.5,204,0,0.46,3.0
2025-02-24,23:30,Bus,B-61,South District,North District,5.5,42,5,0.55,4.0
2025-02-25,08:00,Bus,B-73,East District,South District,14.2,27,2,1.42,3.0
2025-02-25,09:30,Tram,T-4,North District,East District,3.3,86,0,0.13,4.0
2025-02-25,10:45,Metro,M-Blue,West District,City Center,10.6,244,1,0.32,4.0
2025-02-25,11:15,Shared Cycling,Cycle-Share,South District,East District,1.7,1,0,0.0,4.0
2025-02-25,13:45,Tram,T-12,North District,South District,8.3,62,0,0.33,3.0
2025-02-25,13:45,Rail,R-Local,North District,South District,33.1,424,25,1.66,3.0
2025-02-25,21:00,Metro,M-Red,City Center,North District,29.2,421,0,0.88,4.0
2025-02-25,22:30,Bus,B-67,East District,City Center,13.6,61,12,1.36,3.0
2025-02-25,23:15,Bus,B-87,West District,City Center,8.7,18,3,0.87,4.0
2025-02-26,09:45,Bus,B-60,East District,South District,8.3,40,6,0.83,2.0
2025-02-26,10:30,Metro,M-Green,South District,East District,23.1,285,0,0.69,3.0
2025-02-26,11:15,Rail,R-Express,City Center,South District,41.9,451,0,2.1,1.0
2025-02-26,15:45,Bus,B-66,City Center,South District,11.2,65,0,1.12,3.0
2025-02-26,16:00,Metro,M-Green,South District,West District,22.9,267,2,0.69,4.0
2025-02-26,19:30,Bus,B-70,City Center,South District,6.4,60,5,0.64,3.0
2025-02-26,23:30,Rail,R-Local,East District,North District,27.7,581,11,1.39,2.0
2025-02-27,06:30,Tram,T-14,West District,City Center,6.1,88,5,0.24,2.0
2025-02-27,08:15,Tram,T-1,North District,East District,7.1,124,0,0.28,3.0
2025-02-27,13:45,Bus,B-96,North District,West District,8.8,51,8,0.88,4.0
2025-02-27,18:15,Shared Cycling,Cycle-Share,West District,North District,0.7,1,0,0.0,4.0
2025-02-28,05:45,Tram,T-15,North District,South District,9.9,89,1,0.4,2.0
2025-02-28,06:00,Metro,M-Yellow,City Center,East District,18.7,159,12,0.56,3.0
2025-02-28,06:15,Bus,B-97,West District,North District,7.0,36,5,0.7,4.0
2025-02-28,08:15,Bus,B-56,South District,City Center,8.7,40,9,0.87,3.0
2025-02-28,10:45,Metro,M-Yellow,East District,North District,17.3,233,0,0.52,4.0
2025-02-28,14:15,Bus,B-62,East District,City Center,10.2,42,12,1.02,5.0
2025-02-28,15:00,Tram,T-11,North District,West District,8.3,75,4,0.33,4.0
2025-02-28,18:15,Bus,B-10,West District,City Center,5.2,42,0,0.52,3.0
2025-02-28,20:00,Bus,B-28,City Center,North District,14.7,35,0,1.47,3.0
2025-02-28,20:15,Bus,B-73,East District,North District,14.9,51,0,1.49,4.0
2025-02-28,21:15,Metro,M-Blue,East District,City Center,27.5,433,0,0.82,4.0
2025-02-28,21:30,Metro,M-Yellow,South District,City Center,28.1,296,2,0.84,3.0
2025-02-28,21:30,Rail,R-Local,North District,East District,63.3,192,0,3.17,1.0
2025-02-28,22:00,Bus,B-18,City Center,East District,14.4,10,0,1.44,3.0
2025-03-01,09:15,Metro,M-Yellow,City Center,South District,22.4,224,7,0.67,5.0
2025-03-01,09:15,Bus,B-26,South District,West District,5.8,49,7,0.58,3.0
2025-03-01,12:00,Shared Cycling,Cycle-Share,North District,East District,4.7,1,0,0.0,4.0
2025-03-01,17:45,Metro,M-Blue,South District,East District,8.7,229,0,0.26,5.0
2025-03-01,20:45,Rail,R-Local,East District,South District,60.8,206,12,3.04,3.0
2025-03-01,22:45,Bus,B-59,West District,City Center,2.9,47,13,0.29,3.0
2025-03-02,14:45,Tram,T-9,East District,South District,8.3,77,7,0.33,3.0
2025-03-02,15:30,Bus,B-55,North District,City Center,10.6,48,3,1.06,4.0
2025-03-02,15:45,Bus,B-29,South District,North District,13.6,24,5,1.36,3.0
2025-03-02,20:00,Tram,T-2,South District,West District,8.1,75,9,0.32,
2025-03-03,06:00,Metro,M-Red,West District,South District,20.4,112,5,0.61,3.0
2025-03-03,08:30,Bus,B-91,South District,City Center,7.8,31,6,0.78,4.0
2025-03-03,10:45,Bus,B-48,West District,East District,4.1,68,9,0.41,3.0
2025-03-03,15:45,Tram,T-13,East District,North District,4.2,68,6,0.17,3.0
2025-03-03,19:15,Metro,M-Green,West District,South District,29.1,298,1,0.87,3.0
2025-03-03,20:15,Bus,B-43,East District,North District,6.3,32,15,0.63,3.0
2025-03-04,06:30,Bus,B-45,North District,East District,3.8,19,15,0.38,3.0
2025-03-04,06:45,Bus,B-82,East District,South District,4.5,50,0,0.45,4.0
2025-03-04,08:00,Rail,R-Express,South District,City Center,42.1,374,0,2.1,4.0
2025-03-04,10:00,Tram,T-5,West District,City Center,4.3,84,11,0.17,2.0
2025-03-04,11:00,Bus,B-53,East District,North District,13.1,57,6,1.31,4.0
2025-03-04,12:30,Rail,R-Local,West District,South District,67.2,386,8,3.36,4.0
2025-03-04,14:30,Metro,M-Yellow,City Center,West District,7.5,210,7,0.22,
2025-03-04,23:15,Metro,M-Green,West District,North District,11.7,63,12,0.35,2.0
2025-03-05,09:00,Tram,T-3,City Center,North District,9.7,68,0,0.39,2.0
2025-03-05,13:30,Metro,M-Red,North District,City Center,29.1,215,3,0.87,3.0
2025-03-05,15:45,Metro,M-Blue,West District,South District,21.8,408,2,0.65,4.0
2025-03-05,16:15,Metro,M-Green,East District,City Center,20.5,378,0,0.61,5.0
2025-03-05,16:45,Tram,T-2,City Center,East District,2.9,67,10,0.12,4.0
2025-03-05,19:30,Tram,T-1,West District,South District,3.0,100,2,0.12,3.0
2025-03-05,19:45,Tram,T-12,South District,West District,5.2,95,1,0.21,4.0
2025-03-06,05:15,Tram,T-1,East District,West District,3.1,77,2,0.12,3.0
2025-03-06,06:30,Bus,B-76,City Center,West District,7.6,42,2,0.76,4.0
2025-03-06,07:45,Metro,M-Yellow,City Center,West District,9.1,304,6,0.27,3.0
2025-03-06,12:30,Bus,B-56,South District,City Center,6.3,44,1,0.63,3.0
2025-03-06,13:00,Metro,M-Red,East District,North District,9.6,414,0,0.29,3.0
2025-03-06,13:30,Bus,B-15,City Center,South District,8.2,30,0,0.82,4.0
2025-03-06,18:00,Shared Cycling,Cycle-Share,West District,North District,0.6,1,0,0.0,4.0
2025-03-06,18:30,Metro,M-Blue,South District,East District,24.2,286,6,0.73,4.0
2025-03-06,21:45,Tram,T-4,East District,West District,3.5,69,1,0.14,4.0
2025-03-06,22:00,Bus,B-30,North District,West District,7.1,58,0,0.71,2.0
2025-03-06,23:15,Bus,B-66,West District,East District,10.6,31,6,1.06,1.0
2025-03-07,07:00,Bus,B-80,East District,South District,11.4,46,0,1.14,3.0
2025-03-07,12:30,Bus,B-81,North District,City Center,12.6,71,0,1.26,2.0
2025-03-07,14:45,Bus,B-59,South District,East District,6.6,14,0,0.66,1.0
2025-03-07,16:00,Rail,R-Express,West District,North District,52.9,537,0,2.65,3.0
2025-03-07,16:45,Bus,B-35,South District,City Center,10.9,68,2,1.09,2.0
2025-03-07,20:00,Metro,M-Blue,City Center,West District,8.7,466,0,0.26,3.0
2025-03-07,22:15,Tram,T-4,North District,West District,3.9,67,4,0.16,3.0
2025-03-08,05:30,Bus,B-84,West District,City Center,5.7,60,2,0.57,2.0
2025-03-08,11:45,Metro,M-Red,East District,West District,11.8,428,0,0.35,4.0
2025-03-08,15:00,Tram,T-6,North District,West District,6.5,68,0,0.26,3.0
2025-03-08,16:00,Metro,M-Green,South District,East District,12.4,495,1,0.37,3.0
2025-03-08,20:00,Rail,R-Local,North District,City Center,43.4,444,18,2.17,1.0
2025-03-08,21:00,Bus,B-36,South District,City Center,9.4,30,0,0.94,5.0
2025-03-08,22:45,Tram,T-1,South District,North District,3.1,113,0,0.12,4.0
2025-03-08,23:15,Metro,M-Red,East District,North District,26.6,426,0,0.8,4.0
2025-03-09,05:00,Shared Cycling,Cycle-Share,City Center,West District,0.8,1,0,0.0,3.0
2025-03-09,09:15,Bus,B-45,East District,North District,7.4,22,26,0.74,2.0
2025-03-09,09:30,Rail,R-Express,West District,East District,30.3,483,0,1.52,3.0
2025-03-09,17:30,Tram,T-9,East District,North District,4.1,38,2,0.16,3.0
2025-03-09,18:15,Metro,M-Yellow,North District,South District,21.8,367,0,0.65,3.0
2025-03-09,18:45,Bus,B-99,West District,East District,13.0,28,22,1.3,2.0
2025-03-09,22:00,Bus,B-41,City Center,East District,6.3,44,27,0.63,2.0
2025-03-09,22:30,Shared Cycling,Cycle-Share,West District,City Center,4.4,1,0,0.0,3.0
2025-03-10,05:30,Bus,B-41,City Center,South District,5.7,33,0,0.57,1.0
2025-03-10,09:00,Metro,M-Blue,City Center,North District,26.8,428,0,0.8,4.0
2025-03-10,11:30,Rail,R-Express,North District,West District,46.4,357,3,2.32,1.0
2025-03-10,20:15,Metro,M-Blue,North District,South District,15.7,249,0,0.47,4.0
2025-03-11,06:30,Bus,B-27,South District,North District,3.5,29,1,0.35,2.0
2025-03-11,14:45,Shared Cycling,Cycle-Share,West District,North District,4.1,1,0,0.0,5.0
2025-03-11,15:00,Bus,B-30,North District,East District,10.3,28,12,1.03,2.0
2025-03-11,21:30,Tram,T-7,North District,West District,7.7,100,1,0.31,2.0
2025-03-11,22:45,Metro,M-Green,North District,East District,23.3,341,7,0.7,3.0
2025-03-12,06:00,Rail,R-Express,West District,City Center,75.4,246,9,3.77,4.0
2025-03-12,06:15,Bus,B-85,South District,City Center,11.9,56,7,1.19,2.0
2025-03-12,06:45,Tram,T-3,South District,City Center,4.3,59,4,0.17,2.0
2025-03-12,12:15,Bus,B-44,South District,West District,9.2,37,0,0.92,4.0
2025-03-12,12:15,Bus,B-77,East District,North District,12.8,42,0,1.28,2.0
2025-03-12,14:30,Bus,B-34,South District,North District,2.3,62,0,0.23,2.0
2025-03-12,17:45,Metro,M-Blue,South District,West District,16.7,233,5,0.5,4.0
2025-03-12,19:15,Tram,T-9,North District,South District,7.3,65,11,0.29,3.0
2025-03-12,21:45,Shared Cycling,Cycle-Share,East District,West District,2.6,1,0,0.0,3.0
2025-03-13,05:00,Bus,B-28,West District,North District,10.7,63,4,1.07,2.0
2025-03-13,16:15,Metro,M-Red,City Center,North District,27.3,400,0,0.82,4.0
2025-03-13,18:45,Bus,B-90,East District,West District,13.7,23,4,1.37,3.0
2025-03-13,20:00,Tram,T-13,City Center,West District,2.8,86,7,0.11,3.0
2025-03-13,21:15,Tram,T-10,North District,East District,5.7,55,12,0.23,5.0
2025-03-13,22:30,Bus,B-73,City Center,East District,13.5,28,9,1.35,2.0
2025-03-13,22:45,Rail,R-Express,North District,East District,64.3,491,5,3.21,3.0
2025-03-14,05:30,Tram,T-7,West District,South District,3.5,88,0,0.14,5.0
2025-03-14,08:15,Bus,B-15,East District,West District,4.4,33,5,0.44,3.0
2025-03-14,17:00,Metro,M-Red,City Center,South District,14.4,120,0,0.43,3.0
2025-03-14,20:00,Tram,T-13,City Center,West District,4.5,86,5,0.18,4.0
2025-03-14,21:00,Metro,M-Blue,West District,East District,10.0,252,0,0.3,5.0
2025-03-15,05:30,Tram,T-2,West District,South District,4.4,106,0,0.18,3.0
2025-03-15,11:00,Metro,M-Red,East District,South District,13.3,311,4,0.4,3.0
2025-03-15,11:30,Bus,B-80,North District,East District,4.0,23,22,0.4,2.0
2025-03-15,11:45,Bus,B-38,North District,City Center,9.5,31,0,0.95,3.0
2025-03-15,16:30,Metro,M-Yellow,West District,South District,21.0,284,0,0.63,3.0
2025-03-15,17:30,Shared Cycling,Cycle-Share,East District,North District,0.7,1,0,0.0,4.0
2025-03-15,20:00,Tram,T-12,South District,City Center,2.3,61,12,0.09,3.0
2025-03-15,21:00,Bus,B-28,City Center,North District,3.4,48,11,0.34,4.0
2025-03-16,07:00,Bus,B-10,North District,East District,8.3,52,9,0.83,2.0
2025-03-16,13:45,Rail,R-Local,West District,North District,23.6,364,5,1.18,3.0
2025-03-16,14:15,Metro,M-Green,South District,City Center,5.5,396,0,0.16,2.0
2025-03-16,14:45,Bus,B-50,South District,City Center,9.9,39,0,0.99,4.0
2025-03-16,19:15,Metro,M-Blue,West District,East District,5.6,432,0,0.17,4.0
2025-03-17,06:30,Tram,T-12,East District,South District,2.7,82,7,0.11,3.0
2025-03-17,08:00,Bus,B-71,West District,South District,8.5,42,8,0.85,3.0
2025-03-17,12:00,Bus,B-24,City Center,South District,13.0,34,17,1.3,2.0
2025-03-17,13:45,Metro,M-Yellow,East District,South District,14.9,330,0,0.45,5.0
2025-03-17,14:30,Rail,R-Express,East District,West District,38.4,375,14,1.92,2.0
2025-03-17,15:00,Metro,M-Red,North District,City Center,17.6,219,0,0.53,5.0
2025-03-17,16:45,Bus,B-97,South District,West District,9.3,60,18,0.93,4.0
2025-03-17,17:30,Bus,B-71,West District,South District,2.3,14,15,0.23,3.0
2025-03-18,05:15,Metro,M-Blue,North District,City Center,16.7,251,1,0.5,4.0
2025-03-18,09:45,Tram,T-7,West District,North District,2.5,147,6,0.1,3.0
2025-03-18,10:00,Metro,M-Green,South District,East District,19.3,340,0,0.58,3.0
2025-03-18,11:15,Bus,B-49,West District,City Center,4.1,44,0,0.41,2.0
2025-03-18,13:30,Rail,R-Express,City Center,East District,67.4,242,0,3.37,2.0
2025-03-18,20:15,Tram,T-9,East District,City Center,7.3,107,2,0.29,3.0
2025-03-18,22:30,Tram,T-3,West District,City Center,9.9,104,8,0.4,5.0
2025-03-19,07:30,Bus,B-75,East District,South District,5.6,58,0,0.56,2.0
2025-03-19,17:30,Bus,B-15,South District,East District,8.9,29,3,0.89,3.0
2025-03-19,19:45,Bus,B-55,East District,City Center,11.6,51,7,1.16,3.0
2025-03-19,20:45,Bus,B-14,South District,East District,5.5,30,0,0.55,5.0
2025-03-19,22:00,Bus,B-46,West District,East District,3.4,28,0,0.34,2.0
2025-03-20,08:00,Rail,R-Express,North District,West District,29.1,344,4,1.46,1.0
2025-03-20,09:30,Tram,T-15,South District,North District,7.1,49,10,0.28,3.0
2025-03-20,10:30,Shared Cycling,Cycle-Share,East District,West District,4.1,1,0,0.0,3.0
2025-03-20,11:00,Bus,B-56,East District,North District,10.1,32,10,1.01,2.0
2025-03-20,11:30,Metro,M-Green,North District,West District,20.7,368,0,0.62,4.0
2025-03-20,12:30,Bus,B-87,South District,East District,8.4,42,0,0.84,3.0
2025-03-20,14:45,Metro,M-Blue,West District,South District,7.7,370,5,0.23,5.0
2025-03-20,15:15,Rail,R-Local,West District,East District,30.6,454,15,1.53,3.0
2025-03-20,19:30,Metro,M-Green,East District,South District,12.7,397,0,0.38,3.0
2025-03-20,21:00,Bus,B-14,South District,East District,3.5,43,3,0.35,3.0
2025-03-20,22:30,Metro,M-Red,North District,South District,20.4,360,4,0.61,3.0
2025-03-20,23:00,Bus,B-90,North District,West District,9.9,19,6,0.99,2.0
2025-03-21,05:15,Bus,B-12,West District,South District,14.3,37,19,1.43,4.0
2025-03-21,07:00,Metro,M-Red,City Center,South District,7.9,271,9,0.24,2.0
2025-03-21,09:30,Bus,B-37,South District,West District,8.6,40,0,0.86,3.0
2025-03-21,16:15,Bus,B-43,North District,East District,13.8,26,10,1.38,4.0
2025-03-21,16:30,Metro,M-Blue,East District,North District,8.7,350,0,0.26,2.0
2025-03-21,17:45,Bus,B-63,City Center,East District,10.7,34,0,1.07,2.0
2025-03-21,18:15,Metro,M-Red,South District,North District,19.0,297,0,0.57,2.0
2025-03-21,22:30,Bus,B-41,West District,South District,6.9,11,18,0.69,3.0
2025-03-21,22:30,Bus,B-28,City Center,West District,12.0,22,0,1.2,3.0
2025-03-22,08:30,Metro,M-Blue,North District,City Center,7.9,130,0,0.24,5.0
2025-03-22,08:45,Bus,B-79,South District,East District,5.4,10,0,0.54,4.0
2025-03-22,12:15,Shared Cycling,Cycle-Share,City Center,East District,4.4,1,0,0.0,5.0
2025-03-22,12:30,Metro,M-Red,City Center,East District,22.5,470,3,0.67,5.0
2025-03-22,14:00,Tram,T-1,East District,City Center,2.2,100,4,0.09,3.0
2025-03-22,14:15,Metro,M-Green,East District,North District,14.5,364,2,0.43,
2025-03-22,15:45,Metro,M-Red,City Center,West District,28.8,326,5,0.86,
2025-03-22,16:30,Metro,M-Green,South District,East District,6.3,199,0,0.19,4.0
2025-03-22,19:15,Metro,M-Yellow,City Center,West District,16.8,254,8,0.5,3.0
2025-03-22,23:15,Bus,B-65,West District,South District,2.8,48,4,0.28,4.0
2025-03-23,07:30,Metro,M-Red,South District,North District,7.4,261,0,0.22,3.0
2025-03-23,11:30,Metro,M-Blue,City Center,East District,10.9,235,5,0.33,3.0
2025-03-23,13:00,Metro,M-Yellow,South District,East District,5.4,287,2,0.16,4.0
2025-03-23,15:00,Bus,B-14,North District,West District,5.8,40,2,0.58,3.0
2025-03-23,18:00,Metro,M-Blue,East District,West District,11.0,1,3,0.33,3.0
2025-03-23,18:30,Tram,T-1,City Center,North District,4.9,107,0,0.2,5.0
2025-03-23,21:15,Bus,B-76,South District,East District,11.3,19,0,1.13,3.0
2025-03-23,22:30,Shared Cycling,Cycle-Share,North District,City Center,3.1,1,0,0.0,4.0
2025-03-23,23:15,Bus,B-46,East District,South District,8.1,43,2,0.81,3.0
2025-03-24,06:15,Metro,M-Green,North District,City Center,19.3,330,5,0.58,3.0
2025-03-24,07:00,Metro,M-Red,City Center,East District,14.5,306,11,0.43,4.0
2025-03-24,08:15,Tram,T-9,North District,South District,5.1,108,1,0.2,4.0
2025-03-24,13:30,Bus,B-52,City Center,West District,3.7,16,0,0.37,4.0
2025-03-24,18:30,Bus,B-74,South District,North District,12.4,45,0,1.24,3.0
2025-03-24,19:30,Metro,M-Green,West District,City Center,11.0,219,0,0.33,5.0
2025-03-25,08:15,Bus,B-44,West District,City Center,9.3,51,3,0.93,2.0
2025-03-25,08:30,Tram,T-11,South District,City Center,2.8,84,15,0.11,3.0
2025-03-25,09:15,Bus,B-32,North District,City Center,2.2,65,0,0.22,3.0
2025-03-25,09:30,Bus,B-57,City Center,East District,3.1,12,0,0.31,4.0
2025-03-25,16:15,Bus,B-64,North District,East District,4.2,23,21,0.42,2.0
2025-03-25,23:45,Shared Cycling,Cycle-Share,North District,South District,4.3,1,0,0.0,4.0
2025-03-26,05:00,Bus,B-67,City Center,West District,10.7,71,0,1.07,1.0
2025-03-26,06:15,Bus,B-56,South District,North District,12.1,24,4,1.21,1.0
2025-03-26,07:45,Bus,B-90,East District,South District,7.2,19,0,0.72,3.0
2025-03-26,09:00,Bus,B-18,South District,East District,7.2,30,17,0.72,3.0
2025-03-26,16:00,Metro,M-Red,West District,North District,19.4,324,0,0.58,4.0
2025-03-26,17:15,Metro,M-Green,West District,City Center,13.6,240,3,0.41,3.0
2025-03-26,19:30,Bus,B-88,City Center,East District,5.9,35,2,0.59,3.0
2025-03-27,05:30,Metro,M-Blue,East District,City Center,28.5,412,2,0.85,3.0
2025-03-27,13:45,Bus,B-37,North District,East District,3.2,21,0,0.32,2.0
2025-03-27,15:15,Metro,M-Blue,South District,West District,19.9,298,0,0.6,4.0
2025-03-27,15:45,Tram,T-5,West District,East District,6.7,123,1,0.27,5.0
2025-03-28,11:45,Metro,M-Red,East District,City Center,18.2,311,1,0.55,4.0
2025-03-28,16:00,Metro,M-Yellow,West District,City Center,16.1,434,2,0.48,4.0
2025-03-28,23:45,Metro,M-Blue,South District,East District,23.4,341,5,0.7,4.0
2025-03-29,10:15,Metro,M-Red,North District,City Center,26.1,228,0,0.78,2.0
2025-03-29,13:15,Bus,B-90,South District,West District,11.8,25,0,1.18,4.0
2025-03-29,15:00,Metro,M-Blue,North District,South District,21.0,245,1,0.63,4.0
2025-03-29,18:00,Tram,T-1,North District,West District,7.2,86,0,0.29,3.0
2025-03-29,23:15,Metro,M-Red,East District,South District,12.5,254,0,0.38,4.0
2025-03-30,08:45,Tram,T-2,South District,East District,5.8,27,1,0.23,3.0
2025-03-30,11:30,Bus,B-56,South District,City Center,2.2,31,20,0.22,2.0
2025-03-30,18:45,Bus,B-59,West District,City Center,6.2,39,30,0.62,2.0
2025-03-30,21:45,Bus,B-21,North District,West District,6.1,45,8,0.61,2.0
2025-03-31,06:15,Rail,R-Express,East District,North District,78.8,446,18,3.94,4.0
2025-03-31,07:30,Metro,M-Red,West District,City Center,29.9,246,0,0.9,3.0
2025-03-31,10:15,Metro,M-Green,South District,North District,12.8,265,0,0.38,
2025-03-31,11:45,Metro,M-Red,West District,East District,27.2,273,2,0.82,4.0
2025-03-31,15:00,Bus,B-45,City Center,West District,3.4,29,14,0.34,1.0
2025-03-31,16:15,Tram,T-3,East District,North District,8.2,79,2,0.33,5.0
2025-03-31,20:15,Tram,T-12,West District,East District,3.4,87,0,0.14,4.0
2025-03-31,21:15,Metro,M-Green,South District,City Center,27.4,295,5,0.82,5.0
2025-03-31,23:00,Tram,T-12,South District,East District,4.6,35,0,0.18,3.0
2025-04-01,09:45,Bus,B-98,West District,East District,5.9,22,16,0.59,3.0
2025-04-01,09:45,Metro,M-Blue,North District,East District,28.7,349,7,0.86,3.0
2025-04-01,18:30,Shared Cycling,Cycle-Share,City Center,South District,4.6,1,0,0.0,4.0
2025-04-01,20:00,Tram,T-11,City Center,North District,5.6,41,0,0.22,3.0
2025-04-02,08:30,Bus,B-55,City Center,North District,7.6,43,0,0.76,3.0
2025-04-02,09:00,Metro,M-Green,East District,South District,23.7,336,10,0.71,3.0
2025-04-02,19:00,Metro,M-Yellow,South District,West District,28.8,319,1,0.86,4.0
2025-04-02,20:15,Tram,T-8,South District,City Center,7.2,114,0,0.29,4.0
2025-04-03,05:00,Shared Cycling,Cycle-Share,North District,East District,2.5,1,0,0.0,5.0
2025-04-03,05:30,Bus,B-84,North District,East District,6.0,56,28,0.6,2.0
2025-04-03,06:30,Bus,B-38,North District,West District,7.8,20,1,0.78,3.0
2025-04-03,08:30,Metro,M-Yellow,City Center,East District,29.3,344,0,0.88,3.0
2025-04-03,09:45,Tram,T-15,North District,West District,4.0,97,9,0.16,4.0
2025-04-03,11:45,Bus,B-49,South District,East District,11.6,36,5,1.16,2.0
2025-04-03,17:45,Tram,T-2,East District,City Center,7.2,82,1,0.29,4.0
2025-04-04,06:15,Metro,M-Yellow,West District,South District,9.4,261,0,0.28,5.0
2025-04-04,12:45,Tram,T-6,North District,City Center,9.1,74,0,0.36,3.0
2025-04-04,13:15,Tram,T-1,West District,East District,7.6,101,0,0.3,2.0
2025-04-04,19:00,Metro,M-Red,City Center,North District,8.5,245,0,0.26,4.0
2025-04-04,19:00,Rail,R-Express,City Center,South District,36.1,335,11,1.81,2.0
2025-04-05,14:00,Bus,B-20,East District,West District,6.6,36,12,0.66,2.0
2025-04-05,23:45,Bus,B-52,North District,West District,7.9,36,2,0.79,4.0
2025-04-06,06:30,Tram,T-1,South District,North District,4.4,66,5,0.18,3.0
2025-04-06,16:30,Bus,B-32,West District,East District,9.1,1,0,0.91,4.0
2025-04-06,19:30,Bus,B-80,East District,West District,3.1,29,12,0.31,3.0
2025-04-06,23:30,Metro,M-Yellow,South District,East District,10.1,217,5,0.3,3.0
2025-04-07,11:30,Bus,B-30,East District,West District,2.8,29,8,0.28,3.0
2025-04-07,16:00,Bus,B-96,East District,West District,6.1,34,12,0.61,2.0
2025-04-07,19:45,Metro,M-Green,South District,North District,20.2,141,6,0.61,2.0
2025-04-08,06:45,Bus,B-58,North District,East District,10.5,30,9,1.05,1.0
2025-04-08,07:15,Rail,R-Local,City Center,East District,34.8,332,10,1.74,2.0
2025-04-08,10:00,Rail,R-Express,North District,East District,34.6,434,0,1.73,3.0
2025-04-08,10:00,Tram,T-15,West District,City Center,7.2,70,11,0.29,3.0
2025-04-08,10:30,Bus,B-45,South District,West District,8.3,48,13,0.83,2.0
2025-04-08,13:15,Shared Cycling,Cycle-Share,North District,City Center,2.9,1,0,0.0,5.0
2025-04-08,14:00,Tram,T-12,North District,City Center,3.8,88,6,0.15,2.0
2025-04-08,15:30,Bus,B-39,East District,South District,14.7,20,11,1.47,4.0
2025-04-08,15:45,Tram,T-4,City Center,North District,9.1,53,6,0.36,3.0
2025-04-08,23:15,Bus,B-83,North District,West District,8.2,27,1,0.82,3.0
2025-04-08,23:45,Metro,M-Yellow,City Center,West District,18.0,218,0,0.54,3.0
2025-04-09,05:30,Metro,M-Red,West District,South District,20.0,184,0,0.6,2.0
2025-04-09,05:30,Bus,B-18,City Center,West District,8.7,62,23,0.87,3.0
2025-04-09,08:45,Bus,B-98,South District,East District,3.0,69,0,0.3,2.0
2025-04-09,11:00,Bus,B-44,City Center,West District,11.1,71,16,1.11,4.0
2025-04-09,18:30,Bus,B-28,City Center,West District,5.4,34,0,0.54,
2025-04-09,18:30,Bus,B-82,South District,East District,11.6,55,0,1.16,4.0
2025-04-09,20:15,Rail,R-Local,North District,City Center,68.5,330,5,3.43,3.0
2025-04-10,07:00,Bus,B-28,City Center,North District,8.0,61,5,0.8,2.0
2025-04-10,07:15,Bus,B-55,South District,West District,10.4,49,5,1.04,3.0
2025-04-10,10:45,Bus,B-55,West District,North District,2.1,43,17,0.21,3.0
2025-04-10,14:45,Metro,M-Red,East District,West District,7.9,285,1,0.24,4.0
2025-04-10,23:15,Metro,M-Yellow,West District,East District,6.3,270,5,0.19,3.0
2025-04-11,22:45,Metro,M-Green,City Center,North District,16.4,193,0,0.49,2.0
2025-04-11,23:30,Bus,B-57,South District,East District,3.3,14,0,0.33,3.0
2025-04-12,08:15,Bus,B-11,East District,City Center,14.5,48,9,1.45,2.0
2025-04-12,09:00,Tram,T-4,City Center,West District,7.6,19,0,0.3,3.0
2025-04-12,09:30,Bus,B-90,South District,City Center,6.1,1,6,0.61,5.0
2025-04-12,13:30,Tram,T-1,North District,South District,2.1,66,3,0.08,4.0
2025-04-12,14:30,Bus,B-51,West District,City Center,11.9,19,4,1.19,1.0
2025-04-12,15:00,Tram,T-15,West District,City Center,2.2,104,4,0.09,4.0
2025-04-12,20:30,Bus,B-74,East District,City Center,3.4,53,0,0.34,3.0
2025-04-12,23:45,Metro,M-Blue,North District,South District,16.9,304,0,0.51,5.0
2025-04-13,08:45,Tram,T-7,North District,West District,9.2,72,11,0.37,3.0
2025-04-13,09:00,Tram,T-10,South District,North District,10.0,67,2,0.4,5.0
2025-04-13,14:30,Tram,T-15,West District,South District,2.6,49,10,0.1,3.0
2025-04-13,16:30,Bus,B-25,West District,North District,10.6,39,31,1.06,2.0
2025-04-13,16:30,Metro,M-Yellow,East District,West District,13.4,188,7,0.4,3.0
2025-04-13,19:30,Bus,B-18,North District,East District,3.2,30,4,0.32,3.0
2025-04-13,20:00,Bus,B-17,North District,South District,5.5,47,22,0.55,4.0
2025-04-13,20:15,Metro,M-Blue,East District,South District,17.0,305,1,0.51,3.0
2025-04-14,19:15,Metro,M-Yellow,West District,East District,9.2,372,2,0.28,2.0
2025-04-15,06:30,Bus,B-79,South District,East District,7.1,46,9,0.71,2.0
2025-04-15,12:00,Rail,R-Local,West District,North District,21.4,263,18,1.07,2.0
2025-04-15,18:00,Bus,B-82,West District,City Center,3.6,38,7,0.36,
2025-04-15,20:30,Metro,M-Blue,East District,West District,15.5,287,2,0.46,3.0
2025-04-15,22:15,Bus,B-78,City Center,West District,11.5,31,10,1.15,4.0
2025-04-16,13:45,Rail,R-Express,West District,East District,31.6,488,4,1.58,3.0
2025-04-16,16:30,Rail,R-Express,North District,City Center,47.6,380,33,2.38,2.0
2025-04-17,12:00,Bus,B-52,East District,North District,9.7,25,7,0.97,2.0
2025-04-17,19:15,Tram,T-10,East District,South District,7.4,58,7,0.3,4.0
2025-04-18,13:30,Rail,R-Express,West District,South District,51.1,647,9,2.56,3.0
2025-04-18,15:00,Bus,B-61,East District,City Center,14.0,26,16,1.4,4.0
2025-04-18,18:15,Tram,T-2,City Center,West District,6.4,88,4,0.26,2.0
2025-04-18,20:15,Bus,B-29,North District,West District,2.4,18,2,0.24,3.0
2025-04-18,21:00,Bus,B-15,South District,East District,7.4,47,2,0.74,4.0
2025-04-19,05:45,Bus,B-24,North District,City Center,11.4,52,0,1.14,4.0
2025-04-19,08:15,Bus,B-83,South District,North District,10.2,26,0,1.02,2.0
2025-04-19,09:45,Tram,T-3,South District,East District,2.6,80,0,0.1,2.0
2025-04-19,13:00,Bus,B-45,North District,West District,13.8,13,3,1.38,3.0
2025-04-19,13:45,Tram,T-8,West District,East District,9.9,59,0,0.4,2.0
2025-04-19,14:30,Tram,T-12,North District,South District,6.7,80,0,0.27,4.0
2025-04-19,17:00,Bus,B-93,North District,East District,8.2,57,0,0.82,3.0
2025-04-19,23:00,Bus,B-60,East District,South District,3.3,70,7,0.33,2.0
2025-04-19,23:15,Bus,B-77,West District,South District,11.1,44,14,1.11,3.0
2025-04-20,05:45,Bus,B-77,City Center,South District,6.3,50,0,0.63,4.0
2025-04-20,07:45,Metro,M-Red,City Center,West District,17.0,214,6,0.51,4.0
2025-04-20,11:15,Bus,B-67,West District,North District,9.8,74,0,0.98,4.0
2025-04-20,12:00,Metro,M-Blue,City Center,East District,15.2,226,7,0.46,4.0
2025-04-20,12:30,Bus,B-62,North District,East District,9.2,24,0,0.92,3.0
2025-04-20,19:30,Metro,M-Green,South District,East District,5.2,504,2,0.16,4.0
2025-04-20,23:15,Tram,T-7,City Center,North District,4.8,78,13,0.19,4.0
2025-04-21,08:00,Bus,B-73,City Center,East District,12.1,40,6,1.21,1.0
2025-04-21,08:15,Metro,M-Green,West District,East District,25.6,163,7,0.77,4.0
2025-04-21,10:15,Bus,B-22,South District,East District,14.8,21,2,1.48,3.0
2025-04-21,11:15,Tram,T-4,West District,North District,2.1,89,6,0.08,3.0
2025-04-21,18:45,Metro,M-Red,City Center,South District,29.4,396,8,0.88,4.0
2025-04-21,19:00,Metro,M-Blue,South District,East District,13.1,143,2,0.39,4.0
2025-04-21,22:30,Bus,B-38,North District,East District,5.3,60,4,0.53,3.0
2025-04-21,23:15,Bus,B-77,South District,North District,2.2,32,3,0.22,4.0
2025-04-22,08:00,Tram,T-4,East District,City Center,5.0,79,0,0.2,2.0
2025-04-22,09:45,Metro,M-Red,West District,North District,8.6,294,3,0.26,4.0
2025-04-22,17:15,Rail,R-Local,West District,South District,30.5,359,0,1.53,4.0
2025-04-22,20:30,Bus,B-94,City Center,North District,12.4,40,0,1.24,4.0
2025-04-23,09:45,Rail,R-Express,North District,City Center,70.9,331,21,3.55,2.0
2025-04-23,10:30,Rail,R-Express,City Center,North District,65.8,333,0,3.29,3.0
2025-04-23,10:45,Bus,B-72,West District,North District,4.2,31,0,0.42,3.0
2025-04-23,11:30,Metro,M-Yellow,North District,West District,20.1,123,0,0.6,3.0
2025-04-23,12:00,Bus,B-99,East District,City Center,7.7,47,5,0.77,3.0
2025-04-23,13:45,Tram,T-7,South District,City Center,8.0,35,0,0.32,4.0
2025-04-23,14:00,Metro,M-Blue,South District,West District,18.1,143,10,0.54,4.0
2025-04-23,15:45,Tram,T-7,North District,East District,5.1,73,0,0.2,4.0
2025-04-23,22:00,Rail,R-Local,East District,City Center,52.0,253,7,2.6,1.0
2025-04-24,06:15,Bus,B-61,City Center,South District,3.6,39,13,0.36,2.0
2025-04-24,07:15,Metro,M-Yellow,West District,North District,19.4,349,0,0.58,4.0
2025-04-24,08:00,Metro,M-Yellow,North District,City Center,29.4,228,6,0.88,4.0
2025-04-24,08:15,Shared Cycling,Cycle-Share,North District,East District,2.7,1,0,0.0,4.0
2025-04-24,09:00,Tram,T-8,East District,South District,6.5,111,4,0.26,2.0
2025-04-24,17:15,Tram,T-3,City Center,West District,9.2,58,8,0.37,4.0
2025-04-25,06:30,Bus,B-15,North District,City Center,6.1,49,3,0.61,4.0
2025-04-25,09:30,Rail,R-Express,City Center,North District,32.7,366,20,1.64,3.0
2025-04-25,16:15,Metro,M-Blue,East District,West District,28.5,265,4,0.85,4.0
2025-04-25,19:45,Bus,B-61,East District,City Center,8.6,51,0,0.86,3.0
2025-04-25,20:45,Shared Cycling,Cycle-Share,West District,East District,1.0,1,0,0.0,4.0
2025-04-25,21:15,Bus,B-76,City Center,North District,10.6,34,16,1.06,4.0
2025-04-26,07:00,Tram,T-15,East District,South District,6.7,71,0,0.27,3.0
2025-04-26,07:45,Metro,M-Green,North District,West District,19.9,302,0,0.6,3.0
2025-04-26,08:45,Bus,B-83,North District,East District,2.7,51,0,0.27,3.0
2025-04-26,10:00,Bus,B-65,West District,South District,5.6,30,0,0.56,2.0
2025-04-26,16:15,Bus,B-90,South District,North District,14.3,42,16,1.43,2.0
2025-04-26,19:30,Metro,M-Red,East District,North District,6.8,392,0,0.2,3.0
2025-04-26,20:45,Metro,M-Red,East District,City Center,13.0,239,0,0.39,4.0
2025-04-26,22:45,Metro,M-Green,North District,City Center,20.2,323,0,0.61,3.0
2025-04-26,22:45,Metro,M-Yellow,South District,West District,10.7,225,4,0.32,4.0
2025-04-27,05:00,Metro,M-Green,City Center,South District,20.7,287,0,0.62,2.0
2025-04-27,05:30,Metro,M-Red,South District,City Center,9.7,135,1,0.29,5.0
2025-04-27,09:00,Bus,B-44,West District,South District,2.4,28,2,0.24,2.0
2025-04-27,12:15,Bus,B-84,East District,South District,11.6,45,0,1.16,2.0
2025-04-27,16:45,Rail,R-Local,North District,East District,32.3,498,11,1.61,4.0
2025-04-27,23:45,Metro,M-Green,City Center,West District,14.3,367,1,0.43,3.0
2025-04-28,05:30,Bus,B-55,City Center,East District,4.5,35,19,0.45,5.0
2025-04-28,06:45,Metro,M-Green,East District,West District,19.6,336,6,0.59,3.0
2025-04-28,06:45,Metro,M-Yellow,South District,West District,6.1,303,0,0.18,4.0
2025-04-28,07:30,Shared Cycling,Cycle-Share,West District,North District,2.3,1,0,0.0,4.0
2025-04-28,09:00,Bus,B-69,West District,City Center,11.2,45,0,1.12,3.0
2025-04-28,23:45,Bus,B-86,West District,East District,5.3,34,0,0.53,3.0
2025-04-29,08:30,Metro,M-Red,East District,North District,6.2,334,3,0.19,3.0
2025-04-29,14:15,Bus,B-91,East District,North District,3.9,28,4,0.39,3.0
2025-04-29,21:15,Metro,M-Green,East District,South District,17.9,289,0,0.54,4.0
2025-04-29,23:15,Tram,T-1,North District,City Center,9.3,78,4,0.37,3.0
2025-04-30,09:45,Bus,B-58,North District,City Center,14.5,31,9,1.45,1.0
2025-04-30,15:30,Bus,B-15,North District,City Center,7.7,59,10,0.77,2.0
2025-04-30,16:45,Bus,B-55,West District,City Center,11.8,5,21,1.18,3.0
2025-04-30,18:30,Metro,M-Green,East District,South District,23.4,478,0,0.7,2.0
2025-04-30,20:30,Metro,M-Green,North District,East District,18.8,393,0,0.56,3.0
2025-04-30,20:45,Metro,M-Blue,North District,West District,20.1,416,0,0.6,4.0
2025-04-30,21:15,Metro,M-Yellow,City Center,West District,24.5,174,0,0.73,5.0
2025-05-01,07:45,Metro,M-Blue,South District,City Center,8.8,329,2,0.26,4.0
2025-05-01,09:30,Bus,B-33,East District,City Center,12.6,16,0,1.26,3.0
2025-05-01,10:00,Bus,B-49,West District,South District,10.3,46,0,1.03,3.0
2025-05-01,12:15,Bus,B-32,West District,North District,7.7,62,0,0.77,3.0
2025-05-01,13:45,Metro,M-Red,South District,City Center,29.8,61,5,0.89,4.0
2025-05-01,17:00,Metro,M-Yellow,North District,East District,17.4,337,0,0.52,3.0
2025-05-01,17:45,Bus,B-77,West District,North District,13.7,51,0,1.37,4.0
2025-05-01,21:30,Metro,M-Red,South District,West District,21.2,470,0,0.64,2.0
2025-05-01,23:45,Metro,M-Yellow,City Center,North District,17.0,182,0,0.51,3.0
2025-05-02,07:15,Metro,M-Green,South District,North District,29.4,234,6,0.88,4.0
2025-05-02,07:30,Rail,R-Local,East District,City Center,34.8,469,0,1.74,4.0
2025-05-02,10:45,Bus,B-60,North District,City Center,11.2,59,8,1.12,2.0
2025-05-02,11:00,Bus,B-56,North District,City Center,7.3,31,7,0.73,3.0
2025-05-02,13:15,Bus,B-90,North District,West District,5.5,41,0,0.55,5.0
2025-05-02,17:30,Tram,T-12,South District,East District,5.6,83,7,0.22,3.0
2025-05-02,20:00,Bus,B-92,East District,West District,13.7,40,0,1.37,2.0
2025-05-02,23:15,Bus,B-26,North District,South District,6.1,31,3,0.61,2.0
2025-05-03,06:30,Tram,T-5,West District,East District,6.8,36,7,0.27,4.0
2025-05-03,10:15,Metro,M-Blue,West District,City Center,8.6,424,0,0.26,2.0
2025-05-03,11:15,Rail,R-Express,North District,East District,51.2,354,18,2.56,2.0
2025-05-03,14:30,Bus,B-90,West District,North District,3.2,33,0,0.32,2.0
2025-05-03,15:00,Bus,B-15,South District,East District,3.7,39,6,0.37,2.0
2025-05-03,16:30,Metro,M-Yellow,East District,City Center,10.1,307,3,0.3,3.0
2025-05-03,17:15,Bus,B-72,North District,West District,11.5,35,21,1.15,3.0
2025-05-03,22:00,Bus,B-74,West District,City Center,14.8,33,0,1.48,4.0
2025-05-03,23:45,Metro,M-Green,East District,City Center,24.2,317,4,0.73,3.0
2025-05-04,05:00,Metro,M-Blue,East District,North District,9.5,107,4,0.28,3.0
2025-05-04,09:45,Bus,B-67,West District,City Center,7.5,26,0,0.75,3.0
2025-05-04,10:00,Bus,B-98,City Center,North District,4.8,36,3,0.48,3.0
2025-05-04,19:30,Bus,B-75,West District,City Center,14.3,43,11,1.43,3.0
2025-05-04,20:45,Metro,M-Yellow,South District,North District,25.9,454,0,0.78,3.0
2025-05-04,21:00,Rail,R-Local,West District,East District,58.2,441,0,2.91,3.0
2025-05-04,21:15,Rail,R-Express,City Center,East District,51.3,498,29,2.56,1.0
2025-05-04,22:15,Tram,T-10,South District,East District,6.8,84,0,0.27,3.0
2025-05-04,22:15,Rail,R-Express,City Center,South District,78.7,389,9,3.94,2.0
2025-05-05,05:15,Bus,B-12,South District,City Center,8.4,34,2,0.84,3.0
2025-05-05,06:30,Metro,M-Yellow,East District,North District,22.1,416,0,0.66,3.0
2025-05-05,07:30,Bus,B-11,South District,City Center,4.9,51,11,0.49,2.0
2025-05-05,10:15,Bus,B-80,West District,East District,4.1,42,24,0.41,4.0
2025-05-05,10:30,Bus,B-29,West District,North District,12.0,26,0,1.2,3.0
2025-05-05,13:15,Bus,B-39,East District,North District,10.7,52,3,1.07,2.0
2025-05-05,13:45,Bus,B-72,North District,East District,2.1,22,15,0.21,2.0
2025-05-05,16:15,Bus,B-70,East District,City Center,4.8,27,0,0.48,3.0
2025-05-05,19:45,Bus,B-12,North District,South District,10.4,54,0,1.04,4.0
2025-05-06,06:15,Bus,B-27,North District,City Center,5.1,49,6,0.51,3.0
2025-05-06,07:00,Tram,T-8,City Center,West District,5.1,77,0,0.2,2.0
2025-05-06,08:15,Shared Cycling,Cycle-Share,East District,City Center,4.0,1,0,0.0,4.0
2025-05-06,17:30,Metro,M-Red,East District,South District,20.2,331,7,0.61,2.0
2025-05-06,20:30,Tram,T-8,West District,North District,8.3,79,8,0.33,5.0
2025-05-06,21:45,Metro,M-Blue,North District,West District,17.2,275,0,0.52,3.0
2025-05-06,23:15,Bus,B-26,City Center,West District,14.2,33,11,1.42,2.0
2025-05-07,05:45,Bus,B-55,East District,City Center,14.7,53,4,1.47,3.0
2025-05-07,06:15,Bus,B-56,South District,West District,11.6,26,10,1.16,3.0
2025-05-07,10:00,Tram,T-1,East District,South District,7.7,50,0,0.31,3.0
2025-05-07,10:00,Rail,R-Local,West District,East District,29.4,501,0,1.47,1.0
2025-05-07,12:15,Metro,M-Yellow,West District,City Center,5.5,388,0,0.16,5.0
2025-05-07,14:30,Metro,M-Red,South District,North District,14.8,279,17,0.44,3.0
2025-05-07,17:15,Bus,B-52,North District,East District,4.6,1,3,0.46,1.0
2025-05-08,12:00,Bus,B-12,City Center,West District,8.5,23,8,0.85,5.0
2025-05-08,12:30,Rail,R-Express,West District,South District,42.5,252,24,2.12,5.0
2025-05-08,14:00,Bus,B-23,West District,North District,10.8,47,13,1.08,2.0
2025-05-08,14:30,Tram,T-11,East District,North District,7.0,74,13,0.28,5.0
2025-05-08,15:15,Tram,T-1,East District,North District,5.9,43,6,0.24,4.0
2025-05-08,17:30,Tram,T-10,East District,City Center,7.9,55,1,0.32,1.0
2025-05-08,18:00,Metro,M-Blue,East District,West District,16.6,308,5,0.5,4.0
2025-05-08,20:00,Tram,T-7,City Center,North District,9.1,85,6,0.36,3.0
2025-05-09,06:30,Bus,B-27,City Center,West District,4.9,58,10,0.49,3.0
2025-05-09,06:45,Bus,B-25,North District,West District,4.7,7,4,0.47,2.0
2025-05-09,12:15,Metro,M-Blue,South District,North District,27.8,403,0,0.83,3.0
2025-05-09,12:45,Metro,M-Blue,West District,East District,24.9,427,7,0.75,3.0
2025-05-09,18:45,Shared Cycling,Cycle-Share,South District,City Center,1.9,1,0,0.0,4.0
2025-05-09,19:45,Bus,B-98,East District,North District,13.3,37,0,1.33,3.0
2025-05-09,20:15,Tram,T-10,City Center,North District,6.8,92,0,0.27,2.0
2025-05-09,21:30,Bus,B-53,East District,South District,11.1,32,0,1.11,4.0
2025-05-09,22:30,Metro,M-Red,North District,City Center,14.7,350,0,0.44,3.0
2025-05-10,05:00,Metro,M-Green,North District,City Center,14.0,316,7,0.42,3.0
2025-05-10,06:15,Bus,B-26,North District,City Center,11.7,25,0,1.17,3.0
2025-05-10,09:30,Metro,M-Blue,West District,East District,16.6,357,2,0.5,5.0
2025-05-10,13:45,Metro,M-Red,City Center,East District,16.0,532,1,0.48,4.0
2025-05-10,14:45,Bus,B-87,West District,East District,13.5,56,0,1.35,2.0
2025-05-10,16:00,Metro,M-Red,East District,City Center,25.7,515,0,0.77,3.0
2025-05-11,05:15,Bus,B-66,North District,East District,2.6,49,22,0.26,4.0
2025-05-11,11:00,Bus,B-49,South District,North District,13.6,39,0,1.36,5.0
2025-05-11,16:15,Bus,B-47,South District,City Center,11.2,32,0,1.12,3.0
2025-05-11,17:30,Bus,B-45,North District,West District,9.3,37,1,0.93,3.0
2025-05-11,22:15,Metro,M-Blue,West District,North District,7.4,210,0,0.22,3.0
2025-05-12,06:45,Tram,T-6,East District,West District,2.7,14,5,0.11,3.0
2025-05-12,09:00,Bus,B-96,City Center,North District,3.3,40,25,0.33,1.0
2025-05-12,09:15,Bus,B-77,West District,South District,9.4,17,0,0.94,4.0
2025-05-12,11:00,Metro,M-Blue,City Center,West District,11.0,454,3,0.33,3.0
2025-05-13,06:00,Bus,B-97,North District,South District,9.2,15,0,0.92,3.0
2025-05-13,21:00,Metro,M-Yellow,North District,East District,14.4,319,0,0.43,3.0
2025-05-14,08:30,Rail,R-Express,South District,West District,50.0,443,0,2.5,2.0
2025-05-14,09:00,Bus,B-13,City Center,South District,3.9,27,14,0.39,4.0
2025-05-14,18:00,Shared Cycling,Cycle-Share,East District,City Center,3.9,1,0,0.0,4.0
2025-05-14,19:30,Bus,B-10,South District,North District,14.4,52,12,1.44,2.0
2025-05-15,05:15,Metro,M-Green,City Center,East District,27.7,263,1,0.83,4.0
2025-05-15,11:00,Bus,B-73,West District,City Center,11.6,31,0,1.16,3.0
2025-05-15,11:45,Metro,M-Blue,South District,North District,28.1,371,13,0.84,3.0
2025-05-15,18:45,Metro,M-Yellow,East District,City Center,5.7,425,4,0.17,3.0
2025-05-15,20:30,Metro,M-Red,East District,West District,6.9,252,0,0.21,4.0
2025-05-16,08:00,Bus,B-83,East District,South District,12.0,36,25,1.2,2.0
2025-05-16,08:00,Bus,B-99,City Center,North District,4.7,40,0,0.47,4.0
2025-05-16,09:00,Bus,B-34,North District,South District,13.4,65,8,1.34,2.0
2025-05-16,10:30,Metro,M-Blue,South District,City Center,15.2,192,0,0.46,4.0
2025-05-16,10:30,Shared Cycling,Cycle-Share,City Center,South District,0.8,1,0,0.0,4.0
2025-05-16,10:30,Bus,B-98,North District,South District,3.6,48,10,0.36,3.0
2025-05-16,11:45,Bus,B-49,City Center,East District,5.4,30,12,0.54,
2025-05-16,13:15,Metro,M-Green,South District,City Center,25.2,190,0,0.76,3.0
2025-05-16,15:15,Bus,B-59,East District,North District,4.8,34,0,0.48,1.0
2025-05-16,17:45,Bus,B-46,North District,South District,10.4,19,0,1.04,3.0
2025-05-16,18:15,Rail,R-Express,South District,East District,73.6,458,11,3.68,2.0
2025-05-16,19:15,Bus,B-78,West District,North District,7.0,45,3,0.7,1.0
2025-05-16,19:45,Bus,B-70,West District,South District,7.5,43,24,0.75,5.0
2025-05-16,21:30,Bus,B-21,South District,West District,12.4,68,8,1.24,2.0
2025-05-16,21:30,Metro,M-Green,City Center,South District,8.2,554,4,0.25,4.0
2025-05-16,22:00,Rail,R-Local,North District,West District,74.3,478,3,3.71,1.0
2025-05-16,23:15,Rail,R-Local,City Center,North District,40.4,507,0,2.02,
2025-05-17,07:15,Bus,B-72,South District,East District,4.4,42,0,0.44,1.0
2025-05-17,08:00,Bus,B-87,City Center,North District,8.1,33,14,0.81,3.0
2025-05-17,08:30,Bus,B-53,West District,East District,12.5,50,14,1.25,2.0
2025-05-17,10:00,Bus,B-24,South District,City Center,3.0,54,11,0.3,2.0
2025-05-17,15:00,Shared Cycling,Cycle-Share,West District,East District,3.3,1,0,0.0,
2025-05-17,17:30,Metro,M-Blue,City Center,East District,26.0,365,7,0.78,4.0
2025-05-17,18:00,Tram,T-4,City Center,South District,4.0,58,5,0.16,4.0
2025-05-17,18:45,Rail,R-Local,East District,North District,78.2,703,0,3.91,3.0
2025-05-17,21:15,Tram,T-4,City Center,West District,2.8,109,0,0.11,2.0
2025-05-18,06:30,Bus,B-85,East District,West District,11.4,44,0,1.14,3.0
2025-05-18,07:30,Metro,M-Green,East District,South District,8.2,277,2,0.25,4.0
2025-05-18,18:45,Metro,M-Blue,City Center,West District,18.9,192,0,0.57,4.0
2025-05-19,05:00,Bus,B-23,North District,East District,14.9,49,4,1.49,2.0
2025-05-19,06:45,Metro,M-Green,North District,South District,29.3,379,0,0.88,4.0
2025-05-19,13:30,Metro,M-Yellow,North District,East District,28.8,169,0,0.86,3.0
2025-05-20,10:00,Metro,M-Red,North District,East District,28.9,276,7,0.87,4.0
2025-05-20,10:30,Tram,T-6,West District,North District,4.5,52,3,0.18,5.0
2025-05-20,11:15,Tram,T-13,City Center,East District,6.5,74,0,0.26,3.0
2025-05-20,12:45,Bus,B-26,City Center,North District,11.4,11,19,1.14,2.0
2025-05-20,15:00,Metro,M-Red,East District,North District,13.5,170,1,0.4,4.0
2025-05-20,15:30,Bus,B-31,City Center,North District,7.7,30,0,0.77,4.0
2025-05-20,18:15,Bus,B-97,North District,South District,6.9,26,0,0.69,4.0
2025-05-20,19:30,Metro,M-Green,South District,City Center,19.4,341,5,0.58,4.0
2025-05-20,21:00,Metro,M-Red,South District,West District,16.2,258,9,0.49,5.0
2025-05-20,22:15,Rail,R-Express,South District,East District,21.0,338,6,1.05,3.0
2025-05-20,23:15,Metro,M-Green,West District,North District,7.2,408,3,0.22,2.0
2025-05-21,05:15,Rail,R-Local,West District,East District,73.7,575,0,3.69,3.0
2025-05-21,05:15,Bus,B-21,South District,North District,12.5,6,9,1.25,3.0
2025-05-21,07:45,Bus,B-60,South District,East District,12.7,47,0,1.27,2.0
2025-05-21,16:15,Tram,T-2,East District,North District,4.5,91,1,0.18,4.0
2025-05-21,16:30,Bus,B-24,North District,East District,4.9,46,18,0.49,3.0
2025-05-21,18:45,Metro,M-Green,North District,City Center,21.8,413,4,0.65,1.0
2025-05-21,20:00,Shared Cycling,Cycle-Share,South District,East District,3.0,1,0,0.0,4.0
2025-05-21,20:45,Metro,M-Yellow,West District,South District,14.5,277,1,0.43,4.0
2025-05-22,13:45,Rail,R-Local,West District,North District,41.2,218,31,2.06,4.0
2025-05-22,16:45,Tram,T-4,North District,West District,8.5,114,8,0.34,4.0
2025-05-22,17:15,Metro,M-Green,South District,North District,8.9,372,8,0.27,5.0
2025-05-22,18:45,Bus,B-34,East District,North District,9.9,56,14,0.99,3.0
2025-05-22,20:30,Bus,B-18,East District,City Center,6.4,51,0,0.64,2.0
2025-05-22,21:45,Bus,B-21,South District,City Center,13.5,25,9,1.35,2.0
2025-05-22,22:00,Metro,M-Blue,South District,North District,18.1,323,0,0.54,3.0
2025-05-23,08:15,Bus,B-57,North District,City Center,4.4,43,0,0.44,1.0
2025-05-23,08:45,Metro,M-Yellow,West District,North District,25.3,286,0,0.76,5.0
2025-05-23,09:30,Metro,M-Green,North District,South District,18.4,405,0,0.55,3.0
2025-05-23,11:45,Tram,T-1,North District,East District,9.4,41,0,0.38,3.0
2025-05-23,12:00,Bus,B-33,South District,West District,12.9,24,0,1.29,2.0
2025-05-23,16:30,Rail,R-Local,City Center,West District,24.7,639,19,1.24,3.0
2025-05-23,17:30,Shared Cycling,Cycle-Share,East District,West District,1.4,1,0,0.0,3.0
2025-05-23,18:45,Rail,R-Local,North District,West District,34.0,671,0,1.7,1.0
2025-05-23,20:30,Bus,B-83,West District,East District,8.5,54,2,0.85,4.0
2025-05-23,21:30,Bus,B-91,South District,North District,14.4,41,4,1.44,2.0
2025-05-23,22:45,Bus,B-65,City Center,South District,5.0,30,0,0.5,4.0
2025-05-23,23:15,Metro,M-Yellow,South District,North District,10.0,267,2,0.3,4.0
2025-05-24,06:15,Bus,B-61,City Center,South District,11.8,34,19,1.18,2.0
2025-05-24,11:45,Bus,B-43,City Center,North District,6.7,52,8,0.67,5.0
2025-05-24,18:00,Bus,B-94,North District,East District,9.4,48,10,0.94,4.0
2025-05-25,06:30,Metro,M-Blue,East District,South District,22.1,467,3,0.66,5.0
2025-05-25,12:15,Rail,R-Express,West District,South District,35.9,604,0,1.79,4.0
2025-05-25,14:15,Tram,T-10,East District,City Center,3.0,88,0,0.12,4.0
2025-05-25,15:15,Bus,B-61,City Center,South District,4.4,26,7,0.44,4.0
2025-05-25,15:15,Tram,T-2,City Center,East District,6.3,123,5,0.25,4.0
2025-05-25,15:30,Metro,M-Green,North District,South District,25.5,126,9,0.77,4.0
2025-05-25,21:45,Metro,M-Green,East District,South District,27.6,361,0,0.83,4.0
2025-05-26,05:00,Bus,B-42,North District,City Center,9.1,26,0,0.91,3.0
2025-05-26,06:30,Bus,B-30,North District,East District,5.6,43,11,0.56,2.0
2025-05-26,07:15,Bus,B-54,West District,South District,12.5,19,8,1.25,1.0
2025-05-26,08:45,Rail,R-Local,West District,South District,77.4,276,0,3.87,2.0
2025-05-26,17:30,Metro,M-Yellow,North District,East District,15.3,259,5,0.46,4.0
2025-05-26,18:15,Rail,R-Express,North District,East District,55.6,298,0,2.78,3.0
2025-05-26,18:30,Bus,B-66,South District,East District,2.4,72,7,0.24,
2025-05-26,23:45,Bus,B-68,North District,West District,12.7,66,29,1.27,3.0
2025-05-27,07:00,Metro,M-Blue,North District,West District,14.7,250,0,0.44,2.0
2025-05-27,07:30,Tram,T-1,South District,West District,9.6,55,0,0.38,
2025-05-27,07:45,Shared Cycling,Cycle-Share,North District,West District,0.5,1,0,0.0,4.0
2025-05-27,10:45,Shared Cycling,Cycle-Share,West District,North District,3.2,1,0,0.0,4.0
2025-05-27,12:30,Rail,R-Local,North District,City Center,61.9,611,0,3.1,3.0
2025-05-27,17:15,Bus,B-35,North District,East District,13.9,30,0,1.39,2.0
2025-05-27,20:45,Rail,R-Local,North District,South District,76.0,253,10,3.8,2.0
2025-05-27,21:30,Tram,T-15,South District,West District,3.9,44,5,0.16,4.0
2025-05-27,23:00,Metro,M-Green,South District,West District,8.2,390,0,0.25,5.0
2025-05-28,07:00,Bus,B-31,City Center,North District,12.3,27,8,1.23,2.0
2025-05-28,09:00,Metro,M-Yellow,East District,South District,27.1,379,6,0.81,3.0
2025-05-28,13:15,Metro,M-Blue,City Center,West District,6.7,508,4,0.2,2.0
2025-05-28,14:15,Rail,R-Express,East District,South District,46.3,496,21,2.31,2.0
2025-05-28,14:15,Tram,T-8,East District,South District,4.5,92,0,0.18,3.0
2025-05-28,18:30,Bus,B-78,West District,East District,8.7,52,0,0.87,3.0
2025-05-28,22:00,Metro,M-Yellow,City Center,South District,6.2,271,7,0.19,3.0
2025-05-28,22:45,Bus,B-53,City Center,East District,9.4,19,12,0.94,3.0
2025-05-28,23:00,Rail,R-Express,West District,South District,72.8,388,2,3.64,4.0
2025-05-29,07:45,Metro,M-Green,South District,West District,28.0,214,0,0.84,2.0
2025-05-29,10:45,Metro,M-Green,City Center,South District,23.5,483,0,0.7,4.0
2025-05-29,11:00,Rail,R-Express,East District,West District,22.0,146,20,1.1,4.0
2025-05-29,13:15,Tram,T-6,South District,West District,8.8,86,0,0.35,3.0
2025-05-29,17:15,Bus,B-33,North District,East District,2.5,40,7,0.25,
2025-05-29,19:00,Bus,B-70,North District,South District,6.9,27,0,0.69,3.0
2025-05-30,09:30,Metro,M-Red,North District,West District,18.7,260,2,0.56,4.0
2025-05-30,10:30,Metro,M-Yellow,South District,West District,10.1,306,0,0.3,5.0
2025-05-30,13:30,Rail,R-Local,North District,East District,49.6,322,0,2.48,5.0
2025-05-30,23:45,Bus,B-13,West District,South District,5.7,49,2,0.57,3.0
2025-05-31,10:45,Rail,R-Express,East District,North District,35.2,371,44,1.76,4.0
2025-05-31,11:15,Bus,B-15,South District,City Center,9.0,56,17,0.9,3.0
2025-05-31,12:45,Bus,B-28,East District,North District,9.2,40,31,0.92,4.0
2025-05-31,13:30,Bus,B-77,City Center,East District,3.0,34,0,0.3,4.0
2025-05-31,16:30,Bus,B-50,North District,South District,10.9,32,16,1.09,3.0
2025-05-31,17:00,Bus,B-66,East District,North District,3.9,55,16,0.39,3.0
2025-05-31,22:15,Bus,B-87,City Center,East District,9.5,41,8,0.95,2.0
2025-06-01,09:00,Metro,M-Blue,West District,East District,7.5,50,0,0.22,5.0
2025-06-01,10:45,Bus,B-58,South District,North District,8.7,26,0,0.87,
2025-06-01,14:00,Bus,B-63,South District,North District,7.5,34,0,0.75,4.0
2025-06-01,15:45,Shared Cycling,Cycle-Share,North District,West District,4.7,1,0,0.0,4.0
2025-06-01,19:15,Shared Cycling,Cycle-Share,West District,South District,2.4,1,0,0.0,4.0
2025-06-01,20:30,Bus,B-35,City Center,East District,8.7,56,19,0.87,3.0
2025-06-01,21:00,Bus,B-86,East District,West District,6.4,38,11,0.64,3.0
2025-06-01,22:00,Tram,T-8,East District,South District,9.6,60,2,0.38,2.0
2025-06-01,23:45,Bus,B-40,North District,South District,2.2,35,13,0.22,2.0
2025-06-02,06:00,Bus,B-27,West District,North District,8.8,40,0,0.88,4.0
2025-06-02,14:00,Bus,B-35,East District,North District,3.8,50,20,0.38,4.0
2025-06-02,19:30,Metro,M-Blue,South District,West District,7.3,228,5,0.22,5.0
2025-06-02,21:15,Tram,T-14,South District,City Center,3.5,119,5,0.14,2.0
2025-06-02,21:30,Bus,B-58,East District,West District,10.7,31,0,1.07,4.0
2025-06-03,10:30,Metro,M-Green,North District,City Center,10.1,160,0,0.3,4.0
2025-06-03,11:30,Metro,M-Red,North District,City Center,20.3,392,0,0.61,2.0
2025-06-03,12:00,Metro,M-Blue,West District,South District,13.6,315,0,0.41,3.0
2025-06-03,13:30,Bus,B-31,East District,South District,12.9,64,15,1.29,2.0
2025-06-03,13:45,Shared Cycling,Cycle-Share,North District,West District,0.9,1,0,0.0,4.0
2025-06-03,14:30,Rail,R-Local,West District,City Center,61.3,346,25,3.06,2.0
2025-06-03,18:00,Tram,T-6,East District,West District,8.2,76,9,0.33,3.0
2025-06-03,20:30,Bus,B-19,North District,West District,8.5,36,0,0.85,2.0
2025-06-04,07:00,Metro,M-Red,North District,South District,13.1,503,2,0.39,4.0
2025-06-04,07:30,Rail,R-Express,East District,West District,38.8,188,0,1.94,4.0
2025-06-04,08:00,Metro,M-Green,South District,North District,15.1,251,3,0.45,2.0
2025-06-04,10:00,Bus,B-49,South District,East District,4.4,31,0,0.44,2.0
2025-06-04,12:45,Metro,M-Yellow,South District,City Center,17.7,378,1,0.53,4.0
2025-06-04,17:30,Shared Cycling,Cycle-Share,West District,South District,4.3,1,0,0.0,4.0
2025-06-04,18:00,Tram,T-9,North District,West District,5.9,47,5,0.24,2.0
2025-06-04,19:45,Bus,B-37,South District,West District,8.1,14,18,0.81,5.0
2025-06-04,21:45,Rail,R-Local,North District,West District,28.4,123,7,1.42,3.0
2025-06-04,23:00,Tram,T-9,East District,South District,2.4,52,1,0.1,4.0
2025-06-05,12:30,Metro,M-Green,North District,East District,6.9,429,10,0.21,4.0
2025-06-05,14:45,Bus,B-37,North District,City Center,12.3,48,23,1.23,1.0
2025-06-05,15:30,Bus,B-83,South District,North District,2.2,39,0,0.22,2.0
2025-06-05,17:00,Tram,T-3,East District,South District,6.8,85,9,0.27,4.0
2025-06-05,20:15,Metro,M-Yellow,South District,West District,12.2,280,4,0.37,
2025-06-05,20:45,Metro,M-Blue,East District,South District,16.6,304,4,0.5,3.0
2025-06-05,21:30,Bus,B-42,East District,City Center,11.0,44,11,1.1,3.0
2025-06-06,08:45,Bus,B-31,West District,South District,3.1,55,0,0.31,2.0
2025-06-06,09:45,Metro,M-Yellow,East District,City Center,23.9,462,0,0.72,5.0
2025-06-06,14:45,Metro,M-Green,West District,East District,10.0,385,4,0.3,4.0
2025-06-06,17:30,Metro,M-Green,North District,West District,8.0,106,0,0.24,2.0
2025-06-06,19:30,Bus,B-63,City Center,North District,3.1,42,0,0.31,2.0
2025-06-07,05:30,Rail,R-Express,East District,South District,77.6,336,22,3.88,1.0
2025-06-07,10:30,Tram,T-12,West District,City Center,9.4,52,0,0.38,5.0
2025-06-07,11:45,Rail,R-Express,North District,City Center,32.3,71,0,1.61,4.0
2025-06-07,13:15,Metro,M-Green,City Center,North District,9.6,187,5,0.29,4.0
2025-06-07,20:00,Tram,T-9,East District,City Center,6.8,95,9,0.27,4.0
2025-06-07,22:45,Bus,B-19,West District,North District,14.4,28,1,1.44,3.0
2025-06-08,05:30,Bus,B-93,North District,City Center,7.0,19,8,0.7,3.0
2025-06-08,07:00,Metro,M-Blue,East District,City Center,23.8,420,1,0.71,5.0
2025-06-08,15:00,Bus,B-97,City Center,West District,7.9,2,7,0.79,3.0
2025-06-08,15:00,Bus,B-92,South District,East District,9.5,30,0,0.95,4.0
2025-06-08,16:00,Bus,B-96,South District,City Center,9.0,28,15,0.9,3.0
2025-06-08,19:15,Bus,B-46,City Center,West District,4.1,32,34,0.41,4.0
2025-06-08,19:30,Metro,M-Green,City Center,East District,9.9,112,7,0.3,4.0
2025-06-08,22:15,Bus,B-19,North District,South District,11.5,23,7,1.15,3.0
2025-06-08,22:15,Shared Cycling,Cycle-Share,South District,North District,3.9,1,0,0.0,4.0
2025-06-08,22:30,Tram,T-12,South District,West District,2.2,92,0,0.09,3.0
2025-06-08,22:45,Metro,M-Red,South District,North District,22.8,95,3,0.68,5.0
2025-06-08,23:30,Metro,M-Blue,North District,South District,25.2,215,5,0.76,3.0
2025-06-09,05:30,Bus,B-71,North District,West District,13.3,26,0,1.33,2.0
2025-06-09,11:45,Bus,B-43,North District,City Center,12.0,33,2,1.2,3.0
2025-06-09,14:45,Bus,B-90,East District,North District,8.1,39,5,0.81,2.0
2025-06-09,17:00,Metro,M-Red,City Center,South District,11.9,446,6,0.36,4.0
2025-06-09,18:45,Tram,T-7,North District,East District,9.0,125,0,0.36,4.0
2025-06-09,19:30,Bus,B-43,West District,City Center,13.4,35,2,1.34,4.0
2025-06-10,08:00,Rail,R-Express,North District,West District,55.4,437,28,2.77,3.0
2025-06-10,10:00,Metro,M-Blue,South District,North District,28.8,280,6,0.86,3.0
2025-06-10,11:30,Metro,M-Red,West District,City Center,21.7,352,0,0.65,3.0
2025-06-10,13:00,Bus,B-16,North District,City Center,7.3,53,25,0.73,2.0
2025-06-10,14:00,Bus,B-53,East District,West District,15.0,35,0,1.5,3.0
2025-06-10,15:45,Shared Cycling,Cycle-Share,North District,City Center,4.2,1,0,0.0,3.0
2025-06-10,20:30,Bus,B-85,City Center,East District,6.1,53,0,0.61,2.0
2025-06-10,21:00,Shared Cycling,Cycle-Share,North District,South District,4.9,1,0,0.0,4.0
2025-06-10,23:00,Bus,B-27,City Center,North District,4.0,41,2,0.4,2.0
2025-06-10,23:15,Bus,B-88,South District,North District,9.6,45,6,0.96,1.0
2025-06-11,05:45,Bus,B-48,West District,City Center,6.9,34,8,0.69,4.0
2025-06-11,11:45,Metro,M-Green,City Center,North District,8.5,326,8,0.26,4.0
2025-06-11,14:30,Bus,B-31,City Center,West District,6.7,48,3,0.67,3.0
2025-06-11,14:45,Tram,T-2,South District,City Center,3.0,45,7,0.12,3.0
2025-06-11,18:15,Metro,M-Blue,City Center,North District,13.2,355,8,0.4,3.0
2025-06-11,19:45,Bus,B-10,City Center,North District,7.1,46,0,0.71,2.0
2025-06-11,22:00,Metro,M-Blue,West District,South District,26.1,340,8,0.78,3.0
2025-06-11,23:15,Shared Cycling,Cycle-Share,North District,West District,4.5,1,0,0.0,4.0
2025-06-12,12:00,Metro,M-Green,North District,East District,18.4,306,0,0.55,3.0
2025-06-12,13:00,Tram,T-1,South District,City Center,6.9,67,0,0.28,3.0
2025-06-12,13:15,Bus,B-59,South District,East District,6.6,73,0,0.66,3.0
2025-06-12,18:45,Metro,M-Yellow,City Center,West District,5.2,297,3,0.16,4.0
2025-06-13,07:30,Bus,B-87,South District,City Center,13.1,38,2,1.31,1.0
2025-06-13,08:30,Bus,B-95,North District,East District,4.6,36,0,0.46,2.0
2025-06-13,10:45,Metro,M-Blue,East District,South District,5.1,409,0,0.15,
2025-06-13,15:45,Bus,B-59,West District,City Center,2.8,38,5,0.28,
2025-06-13,16:15,Metro,M-Blue,South District,North District,22.4,262,9,0.67,3.0
2025-06-13,21:30,Rail,R-Local,North District,West District,25.1,515,40,1.26,4.0
2025-06-14,11:45,Rail,R-Local,South District,East District,74.3,574,14,3.71,3.0
2025-06-14,13:15,Metro,M-Yellow,City Center,South District,25.5,208,8,0.77,3.0
2025-06-14,17:45,Bus,B-17,South District,City Center,9.3,32,0,0.93,2.0
2025-06-14,20:00,Metro,M-Green,East District,North District,28.1,130,1,0.84,3.0
2025-06-14,20:30,Bus,B-54,North District,City Center,13.7,50,0,1.37,3.0
2025-06-14,23:45,Metro,M-Red,West District,City Center,13.9,311,8,0.42,2.0
2025-06-15,07:30,Tram,T-9,City Center,South District,2.7,38,3,0.11,2.0
2025-06-15,12:45,Bus,B-68,South District,West District,3.3,11,4,0.33,2.0
2025-06-15,17:00,Metro,M-Yellow,West District,South District,25.7,240,6,0.77,5.0
2025-06-15,17:00,Tram,T-13,North District,South District,8.3,104,4,0.33,2.0
2025-06-15,17:45,Bus,B-43,East District,West District,13.3,41,0,1.33,1.0
2025-06-15,18:30,Metro,M-Blue,City Center,South District,13.1,417,0,0.39,3.0
2025-06-15,22:15,Tram,T-5,South District,West District,7.7,45,10,0.31,4.0
2025-06-16,05:15,Bus,B-75,North District,South District,7.5,53,3,0.75,5.0
2025-06-16,07:15,Bus,B-13,North District,East District,8.5,53,16,0.85,2.0
2025-06-16,10:30,Bus,B-81,North District,East District,7.1,28,18,0.71,3.0
2025-06-16,15:15,Tram,T-11,South District,West District,7.8,86,0,0.31,4.0
2025-06-16,16:30,Metro,M-Green,South District,North District,6.6,347,0,0.2,3.0
2025-06-16,23:30,Bus,B-24,North District,South District,8.0,29,7,0.8,1.0
2025-06-17,06:45,Shared Cycling,Cycle-Share,South District,City Center,4.8,1,0,0.0,4.0
2025-06-17,11:15,Bus,B-32,West District,South District,7.2,30,16,0.72,1.0
2025-06-17,12:45,Shared Cycling,Cycle-Share,City Center,South District,0.6,1,0,0.0,4.0
2025-06-17,13:00,Bus,B-71,North District,East District,11.8,13,0,1.18,3.0
2025-06-17,16:15,Tram,T-7,City Center,West District,2.4,58,0,0.1,4.0
2025-06-17,17:45,Tram,T-5,West District,North District,2.9,89,0,0.12,3.0
2025-06-17,19:00,Bus,B-40,North District,West District,4.7,47,7,0.47,3.0
2025-06-17,20:30,Bus,B-16,City Center,North District,14.6,51,0,1.46,2.0
2025-06-17,22:45,Rail,R-Express,City Center,West District,65.9,430,19,3.3,1.0
2025-06-18,06:45,Bus,B-75,City Center,West District,7.4,32,6,0.74,3.0
2025-06-18,08:15,Metro,M-Blue,South District,City Center,21.2,418,1,0.64,3.0
2025-06-18,10:45,Bus,B-26,North District,City Center,11.8,23,14,1.18,4.0
2025-06-18,16:30,Bus,B-20,South District,West District,8.9,60,24,0.89,3.0
2025-06-18,18:30,Bus,B-36,South District,North District,7.8,65,0,0.78,2.0
2025-06-18,20:45,Metro,M-Green,East District,South District,16.8,238,7,0.5,3.0
2025-06-18,22:00,Metro,M-Yellow,East District,City Center,19.3,335,3,0.58,3.0
2025-06-19,07:30,Bus,B-48,City Center,North District,3.2,52,0,0.32,4.0
2025-06-19,08:00,Tram,T-15,West District,South District,2.5,56,0,0.1,3.0
2025-06-19,08:30,Bus,B-73,City Center,East District,10.0,27,15,1.0,1.0
2025-06-19,09:00,Rail,R-Local,West District,North District,36.4,509,0,1.82,3.0
2025-06-19,11:00,Tram,T-1,South District,West District,2.2,81,0,0.09,3.0
2025-06-19,14:45,Metro,M-Blue,South District,East District,9.3,497,0,0.28,4.0
2025-06-19,15:15,Bus,B-98,City Center,North District,7.0,7,3,0.7,3.0
2025-06-19,23:45,Bus,B-18,City Center,East District,14.6,46,20,1.46,3.0
2025-06-20,06:15,Metro,M-Yellow,South District,East District,12.8,431,7,0.38,2.0
2025-06-20,09:00,Shared Cycling,Cycle-Share,City Center,East District,3.3,1,0,0.0,4.0
2025-06-20,09:00,Metro,M-Yellow,East District,South District,15.5,294,11,0.46,4.0
2025-06-20,12:15,Metro,M-Yellow,City Center,South District,21.5,298,0,0.65,4.0
2025-06-20,16:00,Tram,T-4,North District,West District,7.9,52,1,0.32,3.0
2025-06-20,17:15,Metro,M-Green,West District,North District,11.5,224,3,0.34,2.0
2025-06-20,17:45,Bus,B-94,East District,South District,7.5,43,0,0.75,4.0
2025-06-20,21:45,Metro,M-Green,City Center,North District,5.8,462,3,0.17,4.0
2025-06-20,23:45,Shared Cycling,Cycle-Share,West District,East District,0.5,1,0,0.0,3.0
2025-06-21,13:00,Metro,M-Blue,South District,East District,12.5,390,0,0.38,4.0
2025-06-21,15:15,Metro,M-Yellow,City Center,West District,15.0,162,10,0.45,4.0
2025-06-21,17:00,Shared Cycling,Cycle-Share,West District,City Center,1.3,1,0,0.0,4.0
2025-06-21,17:15,Bus,B-82,South District,City Center,8.1,29,0,0.81,3.0
2025-06-22,10:30,Metro,M-Red,North District,West District,16.3,266,0,0.49,3.0
2025-06-22,12:00,Bus,B-54,East District,West District,13.4,45,5,1.34,3.0
2025-06-22,12:30,Bus,B-34,South District,West District,9.0,50,8,0.9,2.0
2025-06-22,16:15,Metro,M-Red,West District,North District,24.1,396,5,0.72,3.0
2025-06-22,18:15,Tram,T-2,City Center,South District,2.4,98,0,0.1,2.0
2025-06-22,20:15,Metro,M-Blue,South District,West District,6.2,319,0,0.19,3.0
2025-06-22,22:45,Metro,M-Blue,North District,South District,17.6,346,2,0.53,3.0
2025-06-23,09:00,Rail,R-Express,West District,East District,63.0,311,14,3.15,1.0
2025-06-23,10:00,Metro,M-Yellow,South District,North District,11.9,182,0,0.36,3.0
2025-06-23,16:45,Bus,B-28,South District,North District,10.3,22,0,1.03,4.0
2025-06-23,17:15,Bus,B-98,North District,East District,7.5,48,0,0.75,3.0
2025-06-23,19:00,Shared Cycling,Cycle-Share,West District,East District,2.4,1,0,0.0,5.0
2025-06-23,20:15,Metro,M-Green,North District,West District,15.6,252,5,0.47,3.0
2025-06-23,21:00,Bus,B-35,North District,South District,5.1,36,4,0.51,4.0
2025-06-23,21:00,Shared Cycling,Cycle-Share,South District,West District,4.0,1,0,0.0,5.0
2025-06-23,22:15,Metro,M-Red,East District,South District,16.5,353,0,0.49,3.0
2025-06-23,22:45,Metro,M-Red,West District,North District,16.2,364,0,0.49,5.0
2025-06-23,23:00,Metro,M-Red,South District,North District,24.3,384,0,0.73,5.0
2025-06-24,07:15,Metro,M-Yellow,South District,East District,15.3,401,3,0.46,4.0
2025-06-24,09:15,Metro,M-Blue,South District,City Center,20.0,211,6,0.6,3.0
2025-06-24,09:45,Bus,B-98,City Center,North District,6.1,51,0,0.61,2.0
2025-06-24,11:00,Bus,B-44,West District,South District,8.7,16,0,0.87,3.0
2025-06-24,15:30,Metro,M-Blue,City Center,West District,9.6,208,1,0.29,3.0
2025-06-24,15:45,Tram,T-13,City Center,East District,4.3,76,5,0.17,3.0
2025-06-24,17:30,Rail,R-Express,East District,City Center,30.8,297,0,1.54,3.0
2025-06-24,21:30,Bus,B-89,North District,City Center,7.7,30,0,0.77,3.0
2025-06-24,23:45,Metro,M-Blue,City Center,South District,24.4,160,1,0.73,2.0
2025-06-25,09:45,Rail,R-Local,North District,West District,53.7,80,6,2.69,2.0
2025-06-25,15:45,Bus,B-51,West District,City Center,14.0,44,19,1.4,2.0
2025-06-26,05:00,Bus,B-89,City Center,West District,6.6,35,13,0.66,4.0
2025-06-26,09:30,Tram,T-7,South District,West District,6.6,90,0,0.26,4.0
2025-06-26,09:45,Metro,M-Yellow,City Center,North District,13.7,406,14,0.41,3.0
2025-06-26,10:00,Metro,M-Blue,West District,City Center,15.8,330,5,0.47,3.0
2025-06-26,10:30,Rail,R-Express,South District,City Center,52.1,473,38,2.61,3.0
2025-06-26,11:45,Bus,B-30,East District,City Center,4.2,45,0,0.42,4.0
2025-06-26,12:15,Bus,B-92,North District,West District,2.2,31,13,0.22,3.0
2025-06-26,21:30,Tram,T-7,North District,West District,9.8,74,1,0.39,4.0
2025-06-26,23:00,Metro,M-Blue,East District,South District,29.5,239,9,0.89,5.0
2025-06-27,13:00,Rail,R-Express,City Center,West District,53.7,223,29,2.69,2.0
2025-06-27,15:45,Rail,R-Express,West District,East District,57.5,311,17,2.88,3.0
2025-06-27,23:15,Tram,T-12,City Center,North District,2.6,103,4,0.1,3.0
2025-06-28,11:30,Metro,M-Red,East District,City Center,22.2,263,9,0.67,2.0
2025-06-28,13:30,Tram,T-8,West District,City Center,2.4,98,6,0.1,4.0
2025-06-28,18:45,Tram,T-10,East District,City Center,8.6,66,4,0.34,2.0
2025-06-28,19:30,Tram,T-9,South District,West District,9.1,79,5,0.36,4.0
2025-06-29,06:00,Tram,T-3,West District,City Center,9.5,35,7,0.38,3.0
2025-06-29,07:15,Metro,M-Red,West District,City Center,13.7,272,0,0.41,4.0
2025-06-29,08:45,Metro,M-Blue,West District,North District,29.8,328,11,0.89,2.0
2025-06-29,16:30,Shared Cycling,Cycle-Share,North District,City Center,3.2,1,0,0.0,4.0
2025-06-29,16:45,Rail,R-Local,East District,City Center,31.9,576,14,1.59,1.0
2025-06-29,17:00,Metro,M-Yellow,City Center,East District,8.3,345,0,0.25,
2025-06-29,18:15,Bus,B-40,East District,North District,5.7,65,0,0.57,4.0
2025-06-29,22:15,Metro,M-Red,West District,North District,19.8,368,9,0.59,3.0
2025-06-30,06:45,Bus,B-99,West District,East District,14.8,22,0,1.48,2.0
2025-06-30,07:00,Bus,B-79,North District,South District,11.6,46,0,1.16,3.0
2025-06-30,09:15,Bus,B-98,City Center,South District,13.3,48,9,1.33,5.0
2025-06-30,12:30,Rail,R-Express,East District,North District,29.9,289,0,1.5,2.0
2025-06-30,14:00,Metro,M-Yellow,South District,West District,28.6,151,5,0.86,5.0
2025-06-30,17:00,Bus,B-46,City Center,East District,7.6,57,4,0.76,3.0
2025-06-30,19:30,Tram,T-12,South District,West District,4.1,88,0,0.16,3.0
2025-06-30,20:00,Tram,T-13,South District,City Center,4.6,70,4,0.18,3.0
2025-06-30,23:00,Metro,M-Yellow,City Center,South District,14.2,266,0,0.43,3.0
2025-07-01,08:30,Rail,R-Express,West District,East District,59.1,420,9,2.96,3.0
2025-07-01,09:00,Metro,M-Red,City Center,South District,19.7,349,0,0.59,4.0
2025-07-01,12:15,Bus,B-57,North District,City Center,9.7,60,0,0.97,5.0
2025-07-01,14:30,Bus,B-45,West District,City Center,13.0,39,15,1.3,4.0
2025-07-01,15:15,Metro,M-Green,South District,West District,5.3,442,9,0.16,4.0
2025-07-01,20:15,Metro,M-Red,North District,City Center,17.2,315,2,0.52,3.0
2025-07-02,07:30,Bus,B-15,East District,City Center,14.1,71,14,1.41,1.0
2025-07-02,15:00,Metro,M-Yellow,West District,North District,11.4,433,1,0.34,2.0
2025-07-03,05:00,Tram,T-14,North District,South District,6.0,115,1,0.24,3.0
2025-07-03,09:30,Shared Cycling,Cycle-Share,West District,East District,1.0,1,0,0.0,4.0
2025-07-03,10:45,Bus,B-44,South District,East District,5.7,33,19,0.57,3.0
2025-07-03,12:30,Bus,B-85,City Center,West District,9.5,44,0,0.95,5.0
2025-07-03,20:15,Shared Cycling,Cycle-Share,South District,East District,1.5,1,0,0.0,4.0
2025-07-03,23:30,Metro,M-Blue,City Center,South District,28.6,468,10,0.86,4.0
2025-07-04,07:45,Metro,M-Red,South District,West District,5.1,234,0,0.15,5.0
2025-07-04,19:15,Bus,B-90,South District,North District,12.6,26,11,1.26,3.0
2025-07-04,21:00,Bus,B-55,City Center,West District,5.5,67,0,0.55,4.0
2025-07-05,07:15,Metro,M-Blue,South District,City Center,8.8,436,0,0.26,4.0
2025-07-05,09:15,Rail,R-Express,City Center,West District,70.1,649,2,3.5,4.0
2025-07-05,09:15,Bus,B-80,City Center,North District,14.2,53,6,1.42,4.0
2025-07-05,11:45,Rail,R-Express,East District,North District,47.5,255,6,2.38,3.0
2025-07-05,14:15,Bus,B-31,South District,West District,8.5,50,12,0.85,3.0
2025-07-05,14:15,Metro,M-Green,City Center,South District,14.3,299,6,0.43,4.0
2025-07-05,14:30,Rail,R-Local,East District,City Center,54.2,265,0,2.71,4.0
2025-07-05,19:00,Rail,R-Express,West District,City Center,49.7,346,21,2.49,3.0
2025-07-05,20:15,Shared Cycling,Cycle-Share,East District,City Center,4.7,1,0,0.0,4.0
2025-07-05,20:30,Metro,M-Red,City Center,South District,26.7,448,0,0.8,3.0
2025-07-05,20:30,Metro,M-Yellow,East District,North District,24.5,333,4,0.73,4.0
2025-07-05,20:45,Metro,M-Green,City Center,West District,19.6,396,0,0.59,3.0
2025-07-05,22:30,Bus,B-78,North District,South District,4.1,34,31,0.41,3.0
2025-07-06,09:15,Rail,R-Express,North District,West District,62.9,422,0,3.15,2.0
2025-07-06,12:30,Metro,M-Yellow,South District,East District,22.4,397,0,0.67,4.0
2025-07-06,13:15,Bus,B-24,East District,West District,12.2,67,16,1.22,3.0
2025-07-06,17:30,Tram,T-7,North District,East District,9.4,59,15,0.38,2.0
2025-07-06,21:45,Bus,B-71,East District,West District,4.6,32,0,0.46,5.0
2025-07-06,22:30,Bus,B-63,West District,South District,8.4,38,5,0.84,1.0
2025-07-06,23:15,Tram,T-13,South District,City Center,5.6,111,4,0.22,3.0
2025-07-07,05:15,Bus,B-51,West District,North District,14.2,41,1,1.42,3.0
2025-07-07,07:00,Tram,T-11,East District,City Center,4.5,55,0,0.18,4.0
2025-07-07,08:00,Bus,B-56,North District,East District,7.1,38,0,0.71,4.0
2025-07-07,16:30,Metro,M-Red,West District,East District,10.5,332,0,0.32,5.0
2025-07-07,19:00,Tram,T-11,North District,East District,9.2,86,0,0.37,5.0
2025-07-07,20:45,Rail,R-Express,North District,City Center,79.4,561,15,3.97,1.0
2025-07-07,23:15,Shared Cycling,Cycle-Share,East District,West District,3.4,1,0,0.0,4.0
2025-07-08,05:30,Metro,M-Red,West District,East District,20.3,309,0,0.61,4.0
2025-07-08,06:00,Bus,B-43,South District,North District,11.5,57,14,1.15,3.0
2025-07-08,09:30,Bus,B-44,City Center,North District,9.2,35,0,0.92,3.0
2025-07-08,13:00,Bus,B-43,City Center,North District,2.3,25,1,0.23,4.0
2025-07-08,13:30,Metro,M-Green,South District,City Center,29.7,248,3,0.89,3.0
2025-07-08,13:45,Metro,M-Yellow,South District,West District,25.4,297,5,0.76,5.0
2025-07-08,15:45,Bus,B-85,South District,West District,7.0,47,0,0.7,4.0
2025-07-08,17:30,Metro,M-Yellow,City Center,North District,19.0,406,0,0.57,3.0
2025-07-08,17:45,Metro,M-Blue,City Center,East District,17.3,236,5,0.52,3.0
2025-07-08,19:15,Tram,T-1,East District,West District,8.4,41,0,0.34,3.0
2025-07-08,21:30,Metro,M-Red,West District,South District,13.6,247,0,0.41,3.0
2025-07-09,07:45,Metro,M-Blue,City Center,North District,14.2,347,0,0.43,5.0
2025-07-09,10:30,Metro,M-Red,East District,North District,11.5,316,9,0.34,4.0
2025-07-09,10:45,Metro,M-Green,City Center,East District,14.4,263,13,0.43,4.0
2025-07-09,12:15,Rail,R-Local,South District,City Center,26.8,729,15,1.34,3.0
2025-07-09,12:30,Bus,B-60,South District,North District,11.1,44,22,1.11,3.0
2025-07-09,15:00,Metro,M-Yellow,City Center,East District,27.2,461,0,0.82,4.0
2025-07-09,16:15,Tram,T-5,East District,North District,7.5,75,0,0.3,3.0
2025-07-09,16:30,Tram,T-14,South District,West District,8.3,127,0,0.33,3.0
2025-07-09,17:15,Tram,T-9,South District,North District,5.6,80,3,0.22,3.0
2025-07-10,13:15,Shared Cycling,Cycle-Share,East District,South District,2.0,1,0,0.0,3.0
2025-07-10,14:45,Tram,T-7,South District,West District,7.0,89,4,0.28,3.0
2025-07-10,14:45,Bus,B-65,City Center,South District,12.0,39,3,1.2,4.0
2025-07-10,15:30,Tram,T-7,City Center,South District,6.9,36,0,0.28,4.0
2025-07-10,20:15,Tram,T-14,City Center,West District,3.6,105,0,0.14,3.0
2025-07-11,05:30,Tram,T-2,North District,South District,4.1,67,2,0.16,3.0
2025-07-11,07:00,Tram,T-14,West District,North District,6.2,59,2,0.25,4.0
2025-07-11,08:00,Bus,B-25,West District,North District,9.2,6,8,0.92,3.0
2025-07-11,15:45,Bus,B-16,East District,North District,11.8,75,0,1.18,2.0
2025-07-11,17:15,Bus,B-65,East District,South District,9.3,37,1,0.93,1.0
2025-07-11,20:15,Bus,B-33,South District,North District,12.9,39,6,1.29,4.0
2025-07-11,20:45,Tram,T-8,South District,North District,7.7,38,6,0.31,3.0
2025-07-11,22:15,Bus,B-66,City Center,North District,8.4,34,20,0.84,1.0
2025-07-12,07:30,Tram,T-13,North District,City Center,5.5,62,0,0.22,3.0
2025-07-12,07:30,Bus,B-61,North District,City Center,9.1,28,11,0.91,4.0
2025-07-12,16:45,Bus,B-28,North District,West District,5.4,49,14,0.54,3.0
2025-07-12,21:45,Metro,M-Green,City Center,West District,7.6,370,3,0.23,3.0
2025-07-13,08:30,Bus,B-86,West District,City Center,7.4,13,0,0.74,3.0
2025-07-13,09:45,Rail,R-Local,South District,City Center,64.2,318,5,3.21,3.0
2025-07-14,07:15,Bus,B-77,North District,South District,7.7,18,0,0.77,2.0
2025-07-14,07:30,Tram,T-4,South District,North District,2.6,74,2,0.1,3.0
2025-07-14,07:45,Tram,T-7,East District,South District,7.0,33,9,0.28,3.0
2025-07-14,07:45,Bus,B-23,East District,South District,7.9,68,21,0.79,5.0
2025-07-14,08:45,Shared Cycling,Cycle-Share,North District,South District,3.9,1,0,0.0,5.0
2025-07-14,08:45,Bus,B-42,South District,East District,3.8,63,5,0.38,2.0
2025-07-14,09:00,Metro,M-Blue,South District,City Center,23.7,409,0,0.71,2.0
2025-07-14,11:15,Tram,T-2,West District,East District,2.3,75,4,0.09,5.0
2025-07-14,12:30,Bus,B-40,East District,South District,10.5,43,1,1.05,4.0
2025-07-14,12:45,Bus,B-39,South District,City Center,13.4,49,0,1.34,4.0
2025-07-14,13:30,Tram,T-2,North District,East District,4.8,92,9,0.19,5.0
2025-07-14,19:45,Rail,R-Express,City Center,North District,75.3,272,44,3.77,3.0
2025-07-14,23:15,Tram,T-14,North District,City Center,5.4,85,11,0.22,4.0
2025-07-15,10:15,Bus,B-37,East District,City Center,9.2,63,0,0.92,2.0
2025-07-15,10:30,Tram,T-13,West District,North District,9.8,96,0,0.39,4.0
2025-07-15,13:00,Bus,B-49,South District,West District,4.1,58,0,0.41,2.0
2025-07-15,17:30,Bus,B-90,West District,City Center,13.9,23,13,1.39,4.0
2025-07-15,17:45,Rail,R-Express,West District,City Center,48.4,685,23,2.42,5.0
2025-07-15,18:45,Bus,B-29,City Center,East District,13.1,20,0,1.31,3.0
2025-07-15,21:00,Rail,R-Local,East District,City Center,74.5,502,28,3.73,5.0
2025-07-15,22:00,Metro,M-Red,East District,City Center,13.1,147,0,0.39,4.0
2025-07-16,05:45,Bus,B-33,North District,West District,7.2,55,13,0.72,3.0
2025-07-16,10:00,Metro,M-Green,East District,South District,26.8,262,0,0.8,4.0
2025-07-16,10:30,Metro,M-Green,West District,East District,17.8,363,4,0.53,2.0
2025-07-16,10:45,Metro,M-Yellow,South District,West District,7.3,166,0,0.22,4.0
2025-07-16,12:30,Metro,M-Green,West District,East District,19.1,168,2,0.57,4.0
2025-07-16,16:30,Tram,T-9,South District,East District,3.6,95,5,0.14,3.0
2025-07-16,16:45,Bus,B-32,North District,South District,14.7,28,0,1.47,3.0
2025-07-16,21:00,Bus,B-36,North District,West District,5.7,31,0,0.57,2.0
2025-07-17,07:45,Metro,M-Green,North District,West District,25.6,202,2,0.77,3.0
2025-07-17,08:45,Metro,M-Green,North District,South District,16.3,346,1,0.49,4.0
2025-07-17,16:00,Metro,M-Red,South District,North District,26.1,190,1,0.78,4.0
2025-07-17,17:30,Metro,M-Green,East District,West District,24.2,411,9,0.73,3.0
2025-07-17,20:15,Bus,B-28,West District,East District,3.8,20,5,0.38,2.0
2025-07-17,20:30,Bus,B-63,East District,North District,8.2,42,0,0.82,4.0
2025-07-17,21:30,Rail,R-Express,South District,West District,64.8,307,10,3.24,5.0
2025-07-18,07:30,Bus,B-97,West District,North District,14.2,42,9,1.42,4.0
2025-07-18,07:30,Rail,R-Local,East District,South District,60.3,520,40,3.02,4.0
2025-07-18,10:00,Bus,B-53,South District,West District,11.4,54,12,1.14,5.0
2025-07-18,16:45,Metro,M-Yellow,City Center,West District,24.7,414,0,0.74,3.0
2025-07-19,06:45,Metro,M-Red,South District,West District,12.8,159,4,0.38,3.0
2025-07-19,09:00,Metro,M-Red,East District,South District,20.0,586,0,0.6,5.0
2025-07-19,14:15,Metro,M-Yellow,South District,East District,20.6,447,0,0.62,4.0
2025-07-19,14:30,Metro,M-Yellow,East District,South District,8.8,429,0,0.26,3.0
2025-07-19,15:30,Metro,M-Blue,City Center,West District,12.7,376,2,0.38,4.0
2025-07-20,17:00,Tram,T-3,East District,City Center,4.6,90,8,0.18,2.0
2025-07-21,07:45,Bus,B-78,West District,City Center,9.0,27,4,0.9,3.0
2025-07-21,10:00,Tram,T-13,South District,North District,2.2,83,0,0.09,2.0
2025-07-21,15:00,Metro,M-Red,West District,South District,7.0,345,0,0.21,3.0
2025-07-21,22:45,Rail,R-Express,City Center,East District,77.2,533,5,3.86,1.0
2025-07-22,05:15,Shared Cycling,Cycle-Share,South District,City Center,5.0,1,0,0.0,4.0
2025-07-22,10:45,Tram,T-3,North District,East District,2.1,104,3,0.08,3.0
2025-07-22,14:00,Metro,M-Green,West District,North District,19.2,213,0,0.58,5.0
2025-07-22,16:15,Bus,B-77,North District,West District,9.3,36,18,0.93,5.0
2025-07-22,17:45,Metro,M-Blue,East District,City Center,22.8,194,7,0.68,3.0
2025-07-22,18:00,Tram,T-10,East District,City Center,5.4,121,0,0.22,3.0
2025-07-22,20:30,Metro,M-Blue,City Center,South District,8.2,339,3,0.25,3.0
2025-07-23,07:30,Metro,M-Green,City Center,South District,14.9,332,0,0.45,5.0
2025-07-23,08:00,Tram,T-9,South District,City Center,6.0,98,1,0.24,2.0
2025-07-23,09:00,Shared Cycling,Cycle-Share,East District,West District,0.9,1,0,0.0,4.0
2025-07-23,16:30,Bus,B-43,East District,City Center,2.1,37,4,0.21,1.0
2025-07-23,18:30,Bus,B-99,West District,North District,12.0,46,11,1.2,2.0
2025-07-23,19:30,Bus,B-10,East District,West District,7.3,26,17,0.73,2.0
2025-07-23,20:00,Metro,M-Red,South District,East District,10.8,400,2,0.32,3.0
2025-07-23,21:45,Bus,B-18,West District,East District,6.1,45,7,0.61,4.0
2025-07-24,05:00,Tram,T-8,City Center,West District,8.9,59,12,0.36,5.0
2025-07-24,08:00,Tram,T-5,City Center,North District,9.1,72,2,0.36,2.0
2025-07-24,08:15,Rail,R-Express,North District,East District,23.9,492,2,1.2,2.0
2025-07-24,11:00,Rail,R-Express,City Center,East District,42.1,196,0,2.1,5.0
2025-07-24,11:00,Rail,R-Express,West District,North District,79.9,183,22,4.0,4.0
2025-07-24,16:15,Bus,B-62,North District,East District,3.6,36,15,0.36,4.0
2025-07-24,16:45,Metro,M-Yellow,South District,East District,7.1,475,3,0.21,4.0
2025-07-24,21:15,Bus,B-26,City Center,North District,8.5,31,0,0.85,3.0
2025-07-25,05:45,Bus,B-25,East District,North District,6.0,44,0,0.6,3.0
2025-07-25,06:00,Tram,T-6,South District,City Center,3.7,121,0,0.15,3.0
2025-07-25,07:45,Rail,R-Local,North District,South District,72.6,502,25,3.63,1.0
2025-07-25,09:30,Metro,M-Green,East District,West District,6.3,295,0,0.19,5.0
2025-07-25,11:45,Metro,M-Green,City Center,East District,29.5,153,0,0.89,3.0
2025-07-25,14:30,Bus,B-66,West District,North District,13.3,54,16,1.33,1.0
2025-07-25,16:00,Shared Cycling,Cycle-Share,East District,West District,3.4,1,0,0.0,4.0
2025-07-25,17:30,Metro,M-Blue,West District,South District,5.3,206,7,0.16,4.0
2025-07-25,22:00,Bus,B-18,South District,East District,6.4,39,14,0.64,
2025-07-26,07:45,Metro,M-Red,City Center,North District,14.7,164,0,0.44,3.0
2025-07-26,15:00,Bus,B-39,City Center,North District,3.5,38,1,0.35,4.0
2025-07-26,16:45,Metro,M-Green,City Center,West District,22.3,347,0,0.67,4.0
2025-07-26,17:45,Bus,B-84,North District,South District,8.1,32,0,0.81,3.0
2025-07-26,22:15,Rail,R-Local,East District,North District,74.1,154,2,3.71,4.0
2025-07-26,23:15,Bus,B-20,South District,West District,13.4,46,9,1.34,3.0
2025-07-27,09:00,Metro,M-Blue,South District,West District,14.8,464,17,0.44,3.0
2025-07-27,09:45,Tram,T-12,City Center,North District,3.2,77,0,0.13,5.0
2025-07-27,13:30,Metro,M-Red,South District,North District,11.0,227,0,0.33,3.0
2025-07-27,15:45,Metro,M-Yellow,East District,North District,26.3,224,1,0.79,3.0
2025-07-27,16:45,Metro,M-Green,West District,East District,20.2,312,1,0.61,2.0
2025-07-27,17:30,Metro,M-Red,East District,South District,14.6,166,0,0.44,4.0
2025-07-27,17:45,Bus,B-58,North District,City Center,4.0,56,0,0.4,2.0
2025-07-28,07:15,Metro,M-Green,West District,City Center,8.2,240,0,0.25,3.0
2025-07-28,09:45,Rail,R-Express,East District,South District,69.0,450,29,3.45,4.0
2025-07-28,09:45,Metro,M-Blue,East District,North District,11.5,387,0,0.34,5.0
2025-07-28,11:15,Shared Cycling,Cycle-Share,South District,West District,1.3,1,0,0.0,3.0
2025-07-28,12:30,Bus,B-42,East District,South District,14.6,26,4,1.46,4.0
2025-07-28,13:45,Bus,B-28,City Center,South District,8.1,52,9,0.81,3.0
2025-07-28,22:30,Bus,B-84,North District,East District,5.9,60,15,0.59,3.0
2025-07-29,05:30,Metro,M-Blue,South District,City Center,21.5,539,12,0.65,3.0
2025-07-29,14:30,Shared Cycling,Cycle-Share,South District,West District,3.0,1,0,0.0,4.0
2025-07-29,14:45,Metro,M-Yellow,South District,East District,28.4,344,0,0.85,5.0
2025-07-29,19:30,Bus,B-23,North District,City Center,6.4,49,19,0.64,2.0
2025-07-29,19:45,Bus,B-28,North District,East District,12.6,29,2,1.26,1.0
2025-07-29,20:45,Metro,M-Blue,North District,City Center,16.2,180,6,0.49,3.0
2025-07-29,23:30,Bus,B-72,North District,South District,10.3,26,22,1.03,1.0
2025-07-30,05:15,Bus,B-58,North District,South District,3.2,15,0,0.32,1.0
2025-07-30,07:15,Metro,M-Blue,City Center,East District,29.0,178,0,0.87,4.0
2025-07-30,10:45,Shared Cycling,Cycle-Share,City Center,North District,3.5,1,0,0.0,3.0
2025-07-30,15:00,Rail,R-Local,South District,City Center,30.7,411,23,1.54,3.0
2025-07-30,16:45,Bus,B-10,South District,City Center,3.3,46,25,0.33,2.0
2025-07-30,17:15,Metro,M-Blue,North District,South District,22.9,189,6,0.69,3.0
2025-07-30,19:45,Metro,M-Blue,South District,West District,26.2,240,2,0.79,5.0
2025-07-30,21:00,Metro,M-Blue,West District,North District,10.1,426,4,0.3,3.0
2025-07-31,14:30,Rail,R-Local,South District,East District,54.2,394,0,2.71,3.0
2025-07-31,17:30,Metro,M-Red,North District,City Center,24.9,447,4,0.75,3.0
2025-07-31,19:15,Metro,M-Green,City Center,West District,23.3,206,3,0.7,3.0
2025-08-01,07:30,Metro,M-Green,West District,East District,10.3,419,1,0.31,3.0
2025-08-01,07:45,Bus,B-10,City Center,North District,10.6,44,8,1.06,3.0
2025-08-01,08:00,Bus,B-93,North District,City Center,13.8,40,14,1.38,2.0
2025-08-01,13:15,Bus,B-67,West District,South District,5.0,55,18,0.5,4.0
2025-08-01,14:00,Bus,B-67,South District,City Center,14.9,33,0,1.49,1.0
2025-08-01,14:45,Bus,B-22,City Center,East District,6.5,67,10,0.65,2.0
2025-08-01,15:00,Bus,B-38,North District,West District,11.5,44,6,1.15,1.0
2025-08-01,20:00,Metro,M-Blue,East District,North District,27.0,306,6,0.81,2.0
2025-08-01,20:45,Metro,M-Red,East District,North District,26.7,218,2,0.8,3.0
2025-08-01,21:15,Bus,B-12,City Center,East District,13.4,16,0,1.34,2.0
2025-08-01,23:30,Tram,T-8,East District,West District,7.0,50,7,0.28,3.0
2025-08-02,09:00,Tram,T-4,North District,South District,6.3,121,1,0.25,4.0
2025-08-02,14:30,Bus,B-54,South District,East District,13.9,64,12,1.39,3.0
2025-08-02,19:30,Bus,B-82,East District,North District,2.2,44,0,0.22,3.0
2025-08-02,20:00,Bus,B-80,South District,North District,9.6,49,2,0.96,3.0
2025-08-02,22:45,Bus,B-21,East District,South District,11.3,30,10,1.13,3.0
2025-08-03,05:00,Bus,B-47,East District,West District,11.0,56,0,1.1,1.0
2025-08-03,08:00,Rail,R-Express,West District,South District,23.4,587,0,1.17,2.0
2025-08-03,11:15,Metro,M-Blue,South District,City Center,10.7,274,3,0.32,3.0
2025-08-03,11:15,Metro,M-Blue,East District,South District,25.8,376,2,0.77,4.0
2025-08-03,13:15,Metro,M-Green,South District,East District,9.7,389,0,0.29,3.0
2025-08-03,20:15,Bus,B-99,North District,East District,5.4,45,0,0.54,3.0
2025-08-03,22:00,Bus,B-54,City Center,South District,11.3,45,6,1.13,4.0
2025-08-03,23:30,Tram,T-14,West District,South District,7.6,51,8,0.3,4.0
2025-08-04,05:45,Metro,M-Blue,City Center,North District,29.1,176,12,0.87,5.0
2025-08-04,07:45,Tram,T-15,South District,City Center,3.3,86,0,0.13,4.0
2025-08-04,08:00,Bus,B-82,South District,East District,8.4,64,1,0.84,4.0
2025-08-04,13:30,Rail,R-Local,City Center,North District,68.8,474,12,3.44,1.0
2025-08-04,22:30,Metro,M-Red,East District,West District,8.5,51,0,0.26,4.0
2025-08-05,08:45,Shared Cycling,Cycle-Share,South District,West District,1.3,1,0,0.0,4.0
2025-08-05,09:00,Bus,B-39,City Center,West District,10.6,29,21,1.06,3.0
2025-08-05,10:00,Bus,B-92,West District,East District,3.2,41,0,0.32,3.0
2025-08-05,10:45,Bus,B-43,North District,East District,14.1,8,11,1.41,4.0
2025-08-05,11:15,Tram,T-6,East District,North District,6.4,88,9,0.26,3.0
2025-08-05,16:30,Metro,M-Red,West District,North District,29.4,345,0,0.88,3.0
2025-08-05,16:45,Bus,B-32,South District,West District,10.3,25,11,1.03,2.0
2025-08-05,17:30,Metro,M-Red,City Center,West District,13.7,265,2,0.41,2.0
2025-08-05,19:00,Bus,B-75,East District,City Center,8.3,61,7,0.83,4.0
2025-08-05,20:45,Metro,M-Red,East District,North District,8.6,189,3,0.26,4.0
2025-08-05,22:15,Shared Cycling,Cycle-Share,City Center,North District,4.1,1,0,0.0,5.0
2025-08-06,06:00,Bus,B-34,South District,North District,5.7,54,22,0.57,1.0
2025-08-06,07:15,Bus,B-43,East District,City Center,9.5,38,16,0.95,3.0
2025-08-06,09:15,Shared Cycling,Cycle-Share,South District,North District,4.5,1,0,0.0,4.0
2025-08-06,11:00,Metro,M-Yellow,West District,North District,23.1,339,0,0.69,3.0
2025-08-06,21:30,Metro,M-Yellow,South District,North District,8.9,437,0,0.27,3.0
2025-08-06,22:15,Bus,B-55,North District,West District,4.3,65,0,0.43,3.0
2025-08-07,13:15,Rail,R-Express,South District,West District,56.6,571,0,2.83,3.0
2025-08-07,14:15,Shared Cycling,Cycle-Share,South District,West District,2.0,1,0,0.0,4.0
2025-08-07,15:00,Bus,B-97,North District,East District,11.1,28,13,1.11,4.0
2025-08-07,18:30,Rail,R-Express,South District,City Center,46.8,546,0,2.34,
2025-08-07,23:30,Rail,R-Express,North District,West District,36.2,224,14,1.81,2.0
2025-08-08,05:15,Bus,B-39,West District,City Center,11.3,39,11,1.13,2.0
2025-08-08,10:45,Metro,M-Blue,City Center,West District,10.3,157,0,0.31,
2025-08-08,15:30,Bus,B-62,North District,West District,12.4,24,7,1.24,1.0
2025-08-08,17:00,Metro,M-Green,City Center,South District,21.6,389,0,0.65,4.0
2025-08-08,17:00,Rail,R-Express,East District,South District,75.5,313,0,3.78,2.0
2025-08-08,19:15,Bus,B-70,City Center,North District,8.2,55,40,0.82,2.0
2025-08-08,21:15,Bus,B-62,West District,City Center,8.0,46,21,0.8,3.0
2025-08-09,08:15,Rail,R-Express,West District,East District,53.5,705,15,2.68,2.0
2025-08-09,08:30,Bus,B-27,West District,City Center,13.1,46,17,1.31,3.0
2025-08-09,09:00,Metro,M-Blue,East District,North District,20.0,381,1,0.6,4.0
2025-08-09,12:30,Bus,B-93,East District,City Center,13.7,44,0,1.37,2.0
2025-08-09,12:45,Shared Cycling,Cycle-Share,West District,City Center,4.3,1,0,0.0,4.0
2025-08-09,12:45,Bus,B-36,East District,South District,4.8,60,1,0.48,1.0
2025-08-09,13:00,Metro,M-Blue,West District,South District,21.5,456,0,0.65,5.0
2025-08-09,13:45,Metro,M-Red,West District,City Center,18.0,284,4,0.54,5.0
2025-08-09,15:45,Metro,M-Red,North District,East District,16.4,338,0,0.49,4.0
2025-08-09,16:45,Metro,M-Yellow,East District,West District,21.7,256,2,0.65,4.0
2025-08-09,18:15,Metro,M-Blue,City Center,East District,10.7,247,5,0.32,2.0
2025-08-10,10:00,Bus,B-39,West District,East District,2.3,43,17,0.23,4.0
2025-08-10,18:45,Metro,M-Yellow,City Center,East District,5.5,276,3,0.16,3.0
2025-08-10,19:30,Metro,M-Yellow,East District,West District,18.1,97,1,0.54,3.0
2025-08-10,23:15,Metro,M-Green,South District,East District,9.0,303,0,0.27,4.0
2025-08-11,07:15,Tram,T-2,North District,South District,4.7,78,0,0.19,4.0
2025-08-11,10:30,Rail,R-Express,East District,South District,54.4,308,6,2.72,3.0
2025-08-11,14:00,Metro,M-Yellow,West District,North District,23.7,151,0,0.71,4.0
2025-08-11,21:00,Shared Cycling,Cycle-Share,West District,East District,2.2,1,0,0.0,4.0
2025-08-11,23:15,Tram,T-1,City Center,North District,6.9,121,4,0.28,3.0
2025-08-12,05:45,Rail,R-Express,North District,City Center,20.9,569,10,1.04,2.0
2025-08-12,08:30,Metro,M-Red,East District,West District,20.4,226,11,0.61,4.0
2025-08-12,08:30,Metro,M-Blue,South District,North District,22.5,339,1,0.67,3.0
2025-08-12,09:15,Metro,M-Yellow,West District,East District,25.0,384,7,0.75,4.0
2025-08-12,11:00,Bus,B-10,North District,City Center,9.3,33,0,0.93,2.0
2025-08-12,12:00,Bus,B-72,North District,East District,11.5,34,5,1.15,
2025-08-12,13:00,Bus,B-66,City Center,North District,11.9,73,2,1.19,3.0
2025-08-12,15:45,Tram,T-7,South District,City Center,4.6,107,5,0.18,5.0
2025-08-12,19:45,Bus,B-72,North District,East District,2.9,48,0,0.29,3.0
2025-08-12,20:00,Bus,B-46,West District,City Center,10.9,12,13,1.09,3.0
2025-08-13,07:45,Bus,B-21,West District,East District,3.5,33,4,0.35,3.0
2025-08-13,09:45,Bus,B-14,West District,North District,8.5,43,13,0.85,3.0
2025-08-13,10:45,Metro,M-Yellow,South District,City Center,29.8,226,11,0.89,4.0
2025-08-13,13:15,Bus,B-39,City Center,East District,4.5,65,7,0.45,4.0
2025-08-13,16:15,Bus,B-66,North District,East District,11.5,39,6,1.15,
2025-08-13,19:00,Bus,B-30,West District,City Center,5.9,42,11,0.59,2.0
2025-08-13,19:45,Tram,T-7,South District,City Center,5.3,104,6,0.21,5.0
2025-08-13,22:00,Bus,B-82,West District,North District,3.0,22,7,0.3,2.0
2025-08-13,23:15,Rail,R-Local,North District,South District,78.9,547,0,3.95,3.0
2025-08-14,05:15,Bus,B-64,West District,City Center,12.0,35,3,1.2,5.0
2025-08-14,06:15,Rail,R-Local,City Center,West District,37.5,413,0,1.88,3.0
2025-08-14,08:45,Tram,T-14,City Center,East District,3.8,114,6,0.15,5.0
2025-08-14,09:45,Metro,M-Green,South District,City Center,21.5,378,0,0.65,3.0
2025-08-14,11:15,Metro,M-Yellow,North District,City Center,5.7,219,0,0.17,4.0
2025-08-14,12:45,Bus,B-63,West District,North District,13.4,60,15,1.34,3.0
2025-08-14,14:30,Metro,M-Yellow,City Center,North District,13.0,269,0,0.39,4.0
2025-08-14,23:15,Metro,M-Yellow,West District,North District,6.7,418,4,0.2,3.0
2025-08-15,09:00,Metro,M-Red,City Center,South District,11.8,152,8,0.35,4.0
2025-08-15,09:00,Rail,R-Local,City Center,North District,24.0,253,23,1.2,
2025-08-15,09:30,Metro,M-Blue,West District,North District,14.5,141,2,0.43,4.0
2025-08-15,09:30,Tram,T-8,North District,West District,8.0,54,0,0.32,3.0
2025-08-15,12:45,Bus,B-58,North District,South District,7.3,13,9,0.73,1.0
2025-08-15,14:30,Metro,M-Yellow,East District,North District,21.2,111,0,0.64,4.0
2025-08-15,15:30,Bus,B-54,North District,South District,13.7,47,0,1.37,3.0
2025-08-15,17:00,Shared Cycling,Cycle-Share,East District,North District,1.7,1,0,0.0,5.0
2025-08-15,17:30,Bus,B-89,West District,North District,11.8,34,0,1.18,2.0
2025-08-15,17:45,Metro,M-Blue,East District,City Center,14.4,329,6,0.43,3.0
2025-08-15,18:30,Bus,B-62,West District,City Center,7.0,32,16,0.7,2.0
2025-08-15,19:45,Bus,B-38,East District,City Center,12.9,60,12,1.29,1.0
2025-08-16,05:30,Tram,T-15,East District,South District,2.3,30,4,0.09,3.0
2025-08-16,11:00,Bus,B-34,East District,City Center,4.7,58,4,0.47,3.0
2025-08-16,12:15,Rail,R-Local,North District,South District,53.5,299,0,2.68,3.0
2025-08-16,13:00,Bus,B-95,West District,North District,14.3,53,0,1.43,4.0
2025-08-16,13:15,Bus,B-29,North District,South District,9.0,44,2,0.9,4.0
2025-08-16,13:15,Metro,M-Green,North District,City Center,18.5,229,0,0.55,4.0
2025-08-16,18:15,Bus,B-49,East District,South District,4.7,17,6,0.47,3.0
2025-08-16,23:30,Metro,M-Yellow,City Center,East District,10.2,148,4,0.31,4.0
2025-08-17,07:30,Metro,M-Blue,South District,West District,26.9,224,0,0.81,3.0
2025-08-17,09:45,Metro,M-Yellow,South District,City Center,28.2,211,1,0.85,3.0
2025-08-17,16:15,Metro,M-Red,North District,East District,5.0,430,4,0.15,3.0
2025-08-17,19:00,Metro,M-Red,West District,East District,17.5,209,15,0.53,4.0
2025-08-17,19:45,Metro,M-Blue,North District,City Center,5.8,287,0,0.17,4.0
2025-08-18,11:00,Metro,M-Yellow,West District,City Center,16.9,314,0,0.51,3.0
2025-08-18,12:30,Metro,M-Green,City Center,South District,21.5,253,0,0.65,4.0
2025-08-18,15:15,Bus,B-64,South District,West District,12.3,48,11,1.23,1.0
2025-08-18,18:30,Metro,M-Red,East District,South District,24.4,219,6,0.73,3.0
2025-08-18,19:30,Metro,M-Blue,West District,East District,25.7,366,0,0.77,4.0
2025-08-18,20:45,Tram,T-12,East District,North District,2.6,37,9,0.1,3.0
2025-08-18,22:30,Metro,M-Yellow,City Center,East District,22.4,247,2,0.67,3.0
2025-08-19,05:00,Rail,R-Local,City Center,South District,38.3,392,0,1.92,3.0
2025-08-19,05:30,Metro,M-Blue,West District,East District,10.7,313,2,0.32,4.0
2025-08-19,07:45,Bus,B-37,City Center,South District,3.9,51,14,0.39,2.0
2025-08-19,07:45,Tram,T-1,West District,South District,8.3,55,6,0.33,3.0
2025-08-19,10:45,Metro,M-Green,West District,East District,12.6,200,0,0.38,2.0
2025-08-19,11:00,Shared Cycling,Cycle-Share,City Center,East District,3.2,1,0,0.0,4.0
2025-08-19,11:30,Bus,B-69,East District,North District,13.4,43,11,1.34,3.0
2025-08-19,12:45,Shared Cycling,Cycle-Share,West District,South District,3.3,1,0,0.0,3.0
2025-08-19,16:30,Tram,T-11,South District,North District,6.6,28,1,0.26,4.0
2025-08-19,17:45,Bus,B-47,City Center,North District,5.7,50,0,0.57,3.0
2025-08-19,19:15,Bus,B-15,East District,South District,5.8,67,0,0.58,2.0
2025-08-19,23:15,Metro,M-Blue,South District,East District,16.9,226,5,0.51,5.0
2025-08-20,11:30,Metro,M-Blue,North District,East District,24.5,434,0,0.73,4.0
2025-08-20,15:45,Bus,B-19,South District,West District,4.4,44,0,0.44,3.0
2025-08-20,18:30,Bus,B-26,City Center,East District,6.3,38,0,0.63,3.0
2025-08-20,20:30,Metro,M-Blue,West District,North District,25.9,314,1,0.78,4.0
2025-08-20,22:45,Tram,T-3,East District,North District,4.5,85,10,0.18,3.0
2025-08-21,06:00,Metro,M-Red,City Center,North District,10.6,337,5,0.32,4.0
2025-08-21,06:15,Bus,B-91,East District,City Center,13.0,45,19,1.3,2.0
2025-08-21,06:15,Metro,M-Yellow,City Center,South District,11.7,377,2,0.35,3.0
2025-08-21,08:45,Bus,B-82,City Center,East District,13.6,36,9,1.36,4.0
2025-08-21,09:45,Metro,M-Red,North District,West District,9.9,213,4,0.3,3.0
2025-08-21,10:30,Metro,M-Green,City Center,East District,11.5,474,5,0.34,4.0
2025-08-21,13:45,Tram,T-11,South District,West District,7.8,63,0,0.31,3.0
2025-08-21,18:45,Tram,T-7,West District,South District,3.5,64,0,0.14,3.0
2025-08-21,19:00,Bus,B-14,East District,City Center,10.6,38,0,1.06,3.0
2025-08-21,19:45,Metro,M-Yellow,South District,East District,13.1,313,0,0.39,4.0
2025-08-21,20:15,Metro,M-Red,North District,East District,29.4,266,4,0.88,
2025-08-21,21:15,Bus,B-30,City Center,South District,3.3,56,8,0.33,3.0
2025-08-21,22:00,Bus,B-62,East District,City Center,11.4,50,33,1.14,3.0
2025-08-21,22:15,Bus,B-43,North District,East District,11.9,46,6,1.19,4.0
2025-08-22,08:30,Tram,T-11,West District,North District,8.6,79,4,0.34,4.0
2025-08-22,13:15,Tram,T-5,South District,North District,4.1,86,10,0.16,3.0
2025-08-22,15:15,Bus,B-41,North District,City Center,10.0,31,8,1.0,4.0
2025-08-22,19:15,Metro,M-Red,East District,South District,12.3,307,2,0.37,3.0
2025-08-22,22:15,Tram,T-4,South District,North District,6.4,98,6,0.26,4.0
2025-08-22,22:30,Shared Cycling,Cycle-Share,City Center,East District,0.9,1,0,0.0,4.0
2025-08-22,23:00,Bus,B-12,South District,City Center,14.9,28,13,1.49,2.0
2025-08-23,09:45,Metro,M-Yellow,East District,North District,6.4,148,0,0.19,3.0
2025-08-23,09:45,Rail,R-Local,East District,City Center,60.7,339,24,3.04,5.0
2025-08-23,12:00,Rail,R-Express,South District,City Center,59.0,610,17,2.95,1.0
2025-08-23,16:15,Bus,B-26,North District,South District,9.0,50,19,0.9,3.0
2025-08-23,17:15,Metro,M-Blue,East District,South District,20.0,205,0,0.6,4.0
2025-08-23,17:45,Rail,R-Express,City Center,South District,34.7,151,15,1.74,4.0
2025-08-23,20:15,Shared Cycling,Cycle-Share,West District,South District,1.1,1,0,0.0,4.0
2025-08-24,07:30,Metro,M-Yellow,City Center,South District,9.3,309,0,0.28,1.0
2025-08-24,10:15,Shared Cycling,Cycle-Share,East District,City Center,1.8,1,0,0.0,4.0
2025-08-24,14:00,Bus,B-41,South District,City Center,6.8,56,0,0.68,5.0
2025-08-24,18:30,Shared Cycling,Cycle-Share,City Center,East District,0.8,1,0,0.0,3.0
2025-08-24,21:00,Metro,M-Red,North District,South District,10.3,275,0,0.31,4.0
2025-08-24,23:00,Bus,B-58,City Center,West District,5.7,54,0,0.57,3.0
2025-08-25,07:30,Metro,M-Red,City Center,North District,19.4,301,0,0.58,4.0
2025-08-25,08:15,Rail,R-Local,West District,North District,56.6,361,4,2.83,3.0
2025-08-25,10:00,Bus,B-95,West District,City Center,10.7,46,7,1.07,2.0
2025-08-25,14:15,Tram,T-15,East District,South District,6.3,86,2,0.25,4.0
2025-08-25,19:45,Rail,R-Express,South District,City Center,61.8,361,31,3.09,4.0
2025-08-25,21:00,Rail,R-Express,North District,City Center,50.7,412,0,2.54,5.0
2025-08-25,22:00,Metro,M-Red,North District,East District,9.4,215,0,0.28,3.0
2025-08-25,23:30,Rail,R-Local,West District,East District,62.0,524,25,3.1,2.0
2025-08-25,23:45,Tram,T-13,West District,North District,5.4,113,11,0.22,3.0
2025-08-26,05:45,Metro,M-Green,North District,West District,18.3,341,0,0.55,3.0
2025-08-26,06:45,Bus,B-99,North District,West District,5.2,41,25,0.52,3.0
2025-08-26,08:30,Bus,B-97,South District,City Center,3.2,60,6,0.32,4.0
2025-08-26,14:00,Bus,B-21,East District,South District,3.2,30,5,0.32,3.0
2025-08-26,17:30,Rail,R-Express,West District,City Center,26.6,381,1,1.33,
2025-08-26,18:30,Bus,B-44,East District,South District,8.7,52,14,0.87,3.0
2025-08-26,21:45,Metro,M-Green,City Center,West District,22.2,244,2,0.67,3.0
2025-08-27,06:45,Bus,B-73,East District,North District,3.2,40,11,0.32,5.0
2025-08-27,07:15,Bus,B-58,East District,City Center,2.3,56,11,0.23,5.0
2025-08-27,11:45,Rail,R-Local,North District,City Center,32.2,589,0,1.61,3.0
2025-08-27,15:15,Bus,B-63,East District,West District,10.8,33,15,1.08,2.0
2025-08-27,19:00,Bus,B-84,East District,South District,10.2,28,0,1.02,3.0
2025-08-27,21:00,Metro,M-Red,North District,East District,9.6,290,3,0.29,4.0
2025-08-27,21:00,Metro,M-Green,East District,City Center,9.0,265,7,0.27,4.0
2025-08-28,08:00,Shared Cycling,Cycle-Share,North District,West District,3.6,1,0,0.0,4.0
2025-08-28,08:15,Rail,R-Local,South District,North District,21.4,423,0,1.07,3.0
2025-08-28,09:45,Metro,M-Yellow,South District,North District,10.3,315,2,0.31,4.0
2025-08-28,17:15,Bus,B-24,West District,City Center,14.7,39,5,1.47,2.0
2025-08-28,18:00,Bus,B-21,East District,South District,6.2,31,24,0.62,2.0
2025-08-28,19:30,Metro,M-Yellow,North District,East District,10.4,359,0,0.31,4.0
2025-08-28,20:30,Tram,T-2,North District,City Center,8.3,67,1,0.33,
2025-08-29,08:00,Tram,T-4,North District,East District,7.0,73,4,0.28,4.0
2025-08-29,08:15,Metro,M-Yellow,West District,North District,26.8,177,0,0.8,1.0
2025-08-29,08:45,Bus,B-73,City Center,West District,2.2,40,0,0.22,4.0
2025-08-29,10:15,Bus,B-98,City Center,North District,8.1,48,0,0.81,1.0
2025-08-29,11:00,Bus,B-61,West District,South District,4.7,34,0,0.47,3.0
2025-08-29,15:30,Rail,R-Local,East District,West District,79.8,328,33,3.99,1.0
2025-08-29,17:30,Bus,B-52,West District,East District,6.4,49,3,0.64,3.0
2025-08-29,18:45,Rail,R-Local,South District,City Center,76.5,521,0,3.83,2.0
2025-08-29,20:45,Metro,M-Green,West District,North District,6.6,439,0,0.2,2.0
2025-08-29,21:30,Rail,R-Local,South District,City Center,51.4,348,18,2.57,2.0
2025-08-29,22:45,Tram,T-8,West District,North District,5.3,73,10,0.21,3.0
2025-08-29,23:45,Tram,T-2,East District,City Center,6.8,42,0,0.27,4.0
2025-08-30,10:00,Bus,B-31,West District,South District,5.8,19,17,0.58,3.0
2025-08-30,10:30,Metro,M-Blue,West District,South District,21.6,389,0,0.65,3.0
2025-08-30,18:15,Shared Cycling,Cycle-Share,West District,East District,1.9,1,0,0.0,5.0
2025-08-31,09:15,Bus,B-61,East District,City Center,8.1,37,12,0.81,4.0
2025-08-31,09:45,Bus,B-97,North District,West District,14.0,36,4,1.4,3.0
2025-08-31,12:00,Rail,R-Local,North District,South District,42.2,447,15,2.11,1.0
2025-08-31,13:30,Metro,M-Yellow,City Center,South District,25.5,199,0,0.77,4.0
2025-08-31,14:00,Metro,M-Yellow,North District,City Center,13.6,182,1,0.41,4.0
2025-08-31,16:15,Rail,R-Local,City Center,North District,21.1,190,23,1.06,1.0
2025-08-31,17:45,Rail,R-Local,South District,West District,67.1,446,0,3.35,2.0
2025-08-31,21:30,Shared Cycling,Cycle-Share,South District,City Center,4.4,1,0,0.0,3.0
2025-08-31,22:30,Bus,B-77,North District,East District,11.5,19,0,1.15,3.0
2025-08-31,23:45,Tram,T-2,South District,City Center,9.1,66,1,0.36,4.0
2025-09-01,05:00,Tram,T-15,East District,City Center,4.7,72,17,0.19,4.0
2025-09-01,07:30,Bus,B-32,South District,East District,3.0,50,10,0.3,3.0
2025-09-01,08:15,Metro,M-Red,West District,North District,13.0,271,0,0.39,4.0
2025-09-01,13:00,Metro,M-Yellow,North District,West District,12.1,349,4,0.36,4.0
2025-09-01,18:45,Bus,B-35,West District,City Center,9.4,13,0,0.94,3.0
2025-09-01,20:30,Metro,M-Yellow,City Center,North District,9.6,267,1,0.29,4.0
2025-09-01,23:00,Metro,M-Yellow,City Center,North District,23.1,310,0,0.69,3.0
2025-09-02,07:00,Bus,B-31,West District,North District,8.6,33,0,0.86,3.0
2025-09-02,09:45,Metro,M-Yellow,East District,West District,7.8,324,0,0.23,5.0
2025-09-02,23:15,Rail,R-Express,North District,East District,66.2,433,2,3.31,1.0
2025-09-03,06:15,Rail,R-Express,West District,North District,69.1,522,9,3.46,2.0
2025-09-03,08:15,Bus,B-29,North District,City Center,13.0,19,18,1.3,5.0
2025-09-03,09:00,Shared Cycling,Cycle-Share,South District,North District,3.8,1,0,0.0,5.0
2025-09-03,18:45,Shared Cycling,Cycle-Share,West District,South District,4.6,1,0,0.0,5.0
2025-09-03,22:15,Metro,M-Yellow,North District,East District,8.1,241,0,0.24,2.0
2025-09-04,14:00,Tram,T-6,North District,West District,5.1,59,0,0.2,4.0
2025-09-04,20:00,Bus,B-51,North District,South District,6.8,31,34,0.68,2.0
2025-09-04,20:15,Metro,M-Yellow,West District,South District,10.5,415,3,0.32,3.0
2025-09-04,23:15,Metro,M-Red,North District,East District,10.9,384,1,0.33,2.0
2025-09-05,06:15,Metro,M-Green,City Center,West District,7.4,234,0,0.22,2.0
2025-09-05,06:45,Tram,T-5,South District,West District,9.0,36,5,0.36,4.0
2025-09-05,08:00,Bus,B-54,South District,City Center,10.3,34,36,1.03,4.0
2025-09-05,09:00,Bus,B-20,City Center,North District,10.9,43,10,1.09,3.0
2025-09-05,13:15,Rail,R-Local,South District,City Center,31.3,391,14,1.57,2.0
2025-09-05,19:45,Tram,T-6,City Center,North District,7.6,113,5,0.3,3.0
2025-09-05,22:00,Metro,M-Green,South District,North District,11.8,274,3,0.35,5.0
2025-09-06,09:15,Metro,M-Green,North District,West District,29.8,348,4,0.89,4.0
2025-09-06,10:15,Shared Cycling,Cycle-Share,City Center,North District,4.6,1,0,0.0,3.0
2025-09-06,11:15,Bus,B-67,South District,East District,14.0,34,3,1.4,3.0
2025-09-06,11:15,Bus,B-20,North District,West District,13.6,51,0,1.36,3.0
2025-09-06,11:15,Tram,T-8,West District,East District,2.7,62,6,0.11,4.0
2025-09-06,16:00,Bus,B-47,City Center,East District,6.8,45,0,0.68,3.0
2025-09-06,19:45,Bus,B-87,South District,North District,8.2,48,7,0.82,2.0
2025-09-06,23:30,Bus,B-23,North District,City Center,11.7,33,4,1.17,2.0
2025-09-07,05:45,Bus,B-38,East District,West District,14.0,27,26,1.4,4.0
2025-09-07,08:15,Metro,M-Blue,South District,West District,9.5,340,0,0.28,3.0
2025-09-07,10:00,Rail,R-Local,South District,West District,75.7,523,5,3.79,4.0
2025-09-07,20:00,Bus,B-21,East District,South District,3.0,54,11,0.3,1.0
2025-09-07,21:45,Shared Cycling,Cycle-Share,East District,West District,3.3,1,0,0.0,4.0
2025-09-08,06:15,Tram,T-11,East District,City Center,6.7,101,6,0.27,3.0
2025-09-08,09:30,Shared Cycling,Cycle-Share,City Center,East District,0.7,1,0,0.0,4.0
2025-09-08,13:45,Rail,R-Local,North District,West District,50.1,231,21,2.51,3.0
2025-09-08,14:30,Shared Cycling,Cycle-Share,West District,City Center,3.2,1,0,0.0,4.0
2025-09-08,18:30,Metro,M-Blue,East District,South District,8.7,310,0,0.26,4.0
2025-09-08,23:15,Rail,R-Express,West District,City Center,25.5,326,29,1.28,1.0
2025-09-08,23:15,Metro,M-Red,East District,City Center,19.6,264,0,0.59,5.0
2025-09-09,06:15,Bus,B-30,City Center,North District,11.8,56,12,1.18,5.0
2025-09-09,08:15,Rail,R-Express,City Center,North District,29.7,649,5,1.49,2.0
2025-09-09,10:00,Bus,B-50,South District,East District,10.9,26,12,1.09,3.0
2025-09-09,12:00,Tram,T-5,North District,West District,6.7,49,0,0.27,3.0
2025-09-09,13:30,Shared Cycling,Cycle-Share,North District,East District,4.6,1,0,0.0,4.0
2025-09-09,16:00,Bus,B-60,City Center,East District,2.4,47,0,0.24,3.0
2025-09-10,06:15,Bus,B-26,East District,City Center,13.5,56,0,1.35,2.0
2025-09-10,09:45,Shared Cycling,Cycle-Share,City Center,West District,1.2,1,0,0.0,4.0
2025-09-10,12:30,Shared Cycling,Cycle-Share,East District,North District,1.6,1,0,0.0,5.0
2025-09-10,15:30,Bus,B-30,North District,West District,9.7,41,0,0.97,2.0
2025-09-10,22:30,Bus,B-14,North District,South District,10.9,48,8,1.09,2.0
2025-09-11,08:15,Bus,B-20,East District,West District,15.0,35,15,1.5,3.0
2025-09-11,16:30,Metro,M-Red,North District,West District,28.4,509,0,0.85,4.0
2025-09-11,17:00,Metro,M-Yellow,South District,East District,18.2,287,1,0.55,3.0
2025-09-11,18:15,Bus,B-65,North District,South District,8.4,31,8,0.84,4.0
2025-09-11,20:15,Tram,T-11,North District,City Center,5.2,101,3,0.21,5.0
2025-09-12,05:15,Bus,B-66,North District,South District,10.3,28,8,1.03,4.0
2025-09-12,06:45,Shared Cycling,Cycle-Share,South District,West District,3.6,1,0,0.0,4.0
2025-09-12,10:00,Bus,B-38,South District,East District,11.1,57,1,1.11,4.0
2025-09-12,12:15,Bus,B-71,East District,North District,4.1,31,2,0.41,4.0
2025-09-12,14:15,Bus,B-63,South District,East District,9.4,35,6,0.94,2.0
2025-09-12,14:45,Bus,B-51,City Center,West District,14.9,32,11,1.49,5.0
2025-09-12,15:45,Rail,R-Express,East District,South District,79.5,549,0,3.98,3.0
2025-09-13,09:45,Rail,R-Express,East District,South District,26.4,422,9,1.32,3.0
2025-09-13,11:00,Rail,R-Local,East District,City Center,28.8,391,24,1.44,3.0
2025-09-13,12:45,Shared Cycling,Cycle-Share,City Center,East District,4.8,1,0,0.0,4.0
2025-09-13,16:00,Rail,R-Local,City Center,East District,68.3,310,29,3.42,5.0
2025-09-13,19:15,Metro,M-Blue,West District,East District,6.0,292,0,0.18,4.0
2025-09-13,20:00,Tram,T-9,City Center,West District,5.7,103,7,0.23,3.0
2025-09-13,21:45,Metro,M-Yellow,South District,North District,7.0,315,0,0.21,3.0
2025-09-14,05:30,Bus,B-52,East District,South District,13.5,7,20,1.35,4.0
2025-09-14,08:30,Metro,M-Blue,North District,City Center,9.4,382,2,0.28,3.0
2025-09-14,11:00,Bus,B-77,North District,West District,9.9,33,0,0.99,5.0
2025-09-14,11:00,Bus,B-82,East District,North District,5.4,40,4,0.54,4.0
2025-09-14,15:45,Bus,B-94,City Center,South District,13.7,25,0,1.37,2.0
2025-09-14,21:00,Tram,T-10,South District,East District,7.3,122,3,0.29,3.0
2025-09-15,09:30,Shared Cycling,Cycle-Share,City Center,East District,2.7,1,0,0.0,3.0
2025-09-15,12:00,Bus,B-22,City Center,South District,11.6,42,6,1.16,3.0
2025-09-15,13:15,Bus,B-68,City Center,East District,8.9,41,14,0.89,4.0
2025-09-15,14:15,Metro,M-Blue,City Center,North District,27.5,198,0,0.82,3.0
2025-09-15,14:45,Bus,B-31,North District,South District,3.8,39,9,0.38,4.0
2025-09-15,20:00,Bus,B-22,South District,North District,14.7,55,0,1.47,3.0
2025-09-15,20:45,Metro,M-Yellow,East District,City Center,10.5,326,8,0.32,3.0
2025-09-16,10:15,Tram,T-9,West District,North District,5.4,76,1,0.22,2.0
2025-09-16,17:45,Bus,B-94,South District,North District,12.6,21,6,1.26,4.0
2025-09-16,19:30,Shared Cycling,Cycle-Share,North District,South District,2.8,1,0,0.0,4.0
2025-09-16,20:00,Tram,T-13,North District,West District,5.3,87,3,0.21,3.0
2025-09-16,21:30,Bus,B-63,South District,City Center,14.3,20,0,1.43,3.0
2025-09-16,22:30,Metro,M-Red,East District,West District,18.4,223,0,0.55,4.0
2025-09-16,23:15,Metro,M-Red,East District,South District,15.5,390,2,0.46,5.0
2025-09-17,07:45,Tram,T-13,South District,City Center,7.5,81,3,0.3,3.0
2025-09-17,08:30,Metro,M-Yellow,City Center,South District,17.0,309,5,0.51,2.0
2025-09-17,08:30,Bus,B-96,East District,South District,8.4,30,0,0.84,2.0
2025-09-17,09:15,Metro,M-Yellow,City Center,West District,16.6,266,4,0.5,4.0
2025-09-17,11:45,Bus,B-99,City Center,West District,6.5,32,7,0.65,3.0
2025-09-17,14:45,Bus,B-12,West District,City Center,9.0,70,6,0.9,2.0
2025-09-17,16:45,Bus,B-13,South District,North District,13.6,47,5,1.36,4.0
2025-09-17,16:45,Metro,M-Yellow,South District,East District,21.1,131,1,0.63,5.0
2025-09-17,18:00,Metro,M-Yellow,West District,South District,21.0,190,3,0.63,4.0
2025-09-17,19:45,Bus,B-46,South District,City Center,5.5,59,0,0.55,4.0
2025-09-17,20:15,Bus,B-66,City Center,North District,4.4,34,0,0.44,4.0
2025-09-17,21:00,Metro,M-Red,North District,City Center,28.3,222,2,0.85,3.0
2025-09-17,22:45,Metro,M-Yellow,West District,City Center,6.4,197,3,0.19,1.0
2025-09-18,06:30,Rail,R-Local,North District,City Center,49.6,587,0,2.48,3.0
2025-09-18,09:30,Tram,T-5,North District,City Center,4.6,80,1,0.18,2.0
2025-09-18,09:30,Bus,B-76,East District,South District,9.9,20,0,0.99,
2025-09-18,11:45,Metro,M-Green,South District,North District,10.5,285,3,0.32,5.0
2025-09-18,12:00,Bus,B-80,City Center,East District,10.6,39,7,1.06,4.0
2025-09-18,12:15,Metro,M-Blue,West District,South District,19.7,349,0,0.59,2.0
2025-09-18,14:00,Bus,B-76,South District,East District,13.4,43,15,1.34,4.0
2025-09-18,16:45,Metro,M-Blue,South District,City Center,14.9,368,11,0.45,3.0
2025-09-18,20:00,Bus,B-75,North District,West District,13.7,60,6,1.37,3.0
2025-09-19,10:30,Bus,B-70,West District,South District,3.4,54,15,0.34,2.0
2025-09-19,13:00,Metro,M-Green,North District,City Center,8.6,388,4,0.26,2.0
2025-09-19,18:00,Tram,T-7,West District,South District,9.6,60,0,0.38,4.0
2025-09-19,23:30,Bus,B-77,West District,South District,4.7,20,18,0.47,3.0
2025-09-20,10:00,Rail,R-Express,North District,South District,55.6,459,0,2.78,2.0
2025-09-20,15:00,Bus,B-49,East District,City Center,2.4,28,2,0.24,3.0
2025-09-20,22:45,Metro,M-Yellow,City Center,North District,20.3,261,0,0.61,5.0
2025-09-20,23:15,Metro,M-Green,City Center,East District,21.3,252,7,0.64,5.0
2025-09-21,05:00,Bus,B-80,East District,South District,14.3,20,0,1.43,4.0
2025-09-21,05:15,Rail,R-Express,South District,City Center,47.0,536,0,2.35,5.0
2025-09-21,06:45,Bus,B-40,West District,South District,9.6,37,13,0.96,3.0
2025-09-21,14:00,Rail,R-Local,City Center,West District,55.5,407,36,2.78,2.0
2025-09-21,17:00,Rail,R-Local,North District,East District,54.8,231,0,2.74,3.0
2025-09-21,17:30,Metro,M-Blue,North District,South District,11.0,245,0,0.33,5.0
2025-09-21,18:15,Bus,B-97,South District,West District,14.3,26,10,1.43,2.0
2025-09-21,19:00,Rail,R-Express,South District,West District,78.9,428,5,3.95,2.0
2025-09-22,09:30,Bus,B-97,West District,East District,8.4,38,0,0.84,3.0
2025-09-22,16:45,Metro,M-Red,South District,City Center,16.8,353,8,0.5,2.0
2025-09-22,17:45,Bus,B-46,North District,East District,3.9,52,0,0.39,2.0
2025-09-22,20:30,Shared Cycling,Cycle-Share,South District,East District,0.9,1,0,0.0,4.0
2025-09-23,06:15,Shared Cycling,Cycle-Share,North District,East District,2.6,1,0,0.0,4.0
2025-09-23,07:30,Metro,M-Blue,City Center,East District,18.2,254,0,0.55,3.0
2025-09-23,07:30,Tram,T-1,North District,East District,6.5,80,11,0.26,4.0
2025-09-23,09:15,Bus,B-82,East District,City Center,6.4,47,18,0.64,4.0
2025-09-23,11:15,Metro,M-Blue,City Center,South District,15.3,514,1,0.46,4.0
2025-09-23,13:00,Rail,R-Express,South District,City Center,26.0,114,6,1.3,5.0
2025-09-23,17:00,Bus,B-62,East District,West District,13.7,33,2,1.37,3.0
2025-09-23,22:00,Rail,R-Local,West District,South District,65.1,97,10,3.25,4.0
2025-09-24,05:30,Bus,B-15,South District,North District,9.6,41,0,0.96,1.0
2025-09-24,12:00,Bus,B-96,East District,City Center,8.2,55,6,0.82,2.0
2025-09-24,21:45,Bus,B-83,South District,West District,4.0,42,14,0.4,4.0
2025-09-25,08:00,Tram,T-11,South District,City Center,2.5,86,0,0.1,2.0
2025-09-25,15:30,Rail,R-Local,City Center,North District,71.1,252,0,3.55,2.0
2025-09-25,16:30,Metro,M-Yellow,West District,South District,16.2,215,4,0.49,4.0
2025-09-25,19:30,Metro,M-Green,South District,City Center,25.1,1,3,0.75,3.0
2025-09-26,06:45,Metro,M-Blue,South District,North District,10.5,199,3,0.32,3.0
2025-09-26,10:30,Metro,M-Yellow,City Center,West District,15.9,237,8,0.48,3.0
2025-09-26,11:45,Rail,R-Express,West District,South District,57.7,560,22,2.89,3.0
2025-09-26,19:45,Bus,B-29,West District,City Center,7.9,13,5,0.79,5.0
2025-09-26,22:30,Shared Cycling,Cycle-Share,City Center,South District,4.5,1,0,0.0,4.0
2025-09-27,10:00,Bus,B-37,West District,City Center,5.0,24,0,0.5,2.0
2025-09-27,13:15,Metro,M-Yellow,City Center,West District,28.6,300,2,0.86,3.0
2025-09-27,14:00,Rail,R-Express,West District,South District,36.6,287,0,1.83,3.0
2025-09-27,15:00,Tram,T-13,East District,City Center,7.1,89,1,0.28,3.0
2025-09-27,18:45,Metro,M-Red,South District,North District,27.1,423,0,0.81,3.0
2025-09-27,19:15,Tram,T-7,West District,City Center,8.4,64,3,0.34,3.0
2025-09-27,21:45,Bus,B-99,West District,East District,8.9,56,0,0.89,2.0
2025-09-28,13:30,Bus,B-78,East District,West District,9.9,48,8,0.99,2.0
2025-09-28,19:15,Tram,T-1,South District,City Center,2.1,77,5,0.08,3.0
2025-09-28,21:45,Metro,M-Red,East District,City Center,10.6,213,0,0.32,2.0
2025-09-28,22:30,Rail,R-Local,City Center,West District,34.0,480,0,1.7,3.0
2025-09-28,22:45,Metro,M-Red,City Center,North District,17.7,276,0,0.53,4.0
2025-09-29,05:15,Bus,B-78,West District,North District,13.9,39,0,1.39,3.0
2025-09-29,13:45,Rail,R-Local,City Center,South District,38.0,309,33,1.9,5.0
2025-09-29,14:30,Tram,T-6,West District,South District,7.7,98,0,0.31,2.0
2025-09-29,17:30,Bus,B-67,City Center,South District,5.4,56,7,0.54,3.0
2025-09-29,18:15,Bus,B-92,West District,East District,6.0,39,10,0.6,4.0
2025-09-29,21:45,Bus,B-37,East District,City Center,10.0,49,4,1.0,2.0
2025-09-29,22:00,Shared Cycling,Cycle-Share,South District,West District,4.4,1,0,0.0,4.0
2025-09-29,22:45,Rail,R-Local,East District,North District,22.1,335,4,1.11,2.0
2025-09-29,23:15,Metro,M-Blue,North District,East District,29.8,218,6,0.89,4.0
2025-09-29,23:15,Shared Cycling,Cycle-Share,City Center,North District,2.1,1,0,0.0,3.0
2025-09-30,05:15,Bus,B-85,South District,East District,7.5,26,10,0.75,2.0
2025-09-30,06:15,Rail,R-Local,South District,North District,20.3,413,15,1.02,5.0
2025-09-30,07:15,Metro,M-Red,East District,West District,27.4,259,12,0.82,5.0
2025-09-30,14:00,Metro,M-Red,City Center,South District,23.1,445,1,0.69,2.0
2025-10-01,05:15,Bus,B-27,West District,East District,12.4,8,1,1.24,5.0
2025-10-01,06:00,Bus,B-32,East District,City Center,9.5,50,14,0.95,1.0
2025-10-01,07:45,Tram,T-15,North District,South District,5.4,74,2,0.22,4.0
2025-10-01,08:15,Tram,T-3,South District,City Center,6.8,93,0,0.27,3.0
2025-10-01,10:30,Rail,R-Express,West District,East District,41.5,334,7,2.08,5.0
2025-10-01,12:00,Bus,B-10,South District,West District,7.6,15,24,0.76,3.0
2025-10-02,08:00,Metro,M-Red,West District,City Center,6.7,307,7,0.2,2.0
2025-10-02,09:45,Metro,M-Yellow,North District,East District,21.5,350,0,0.65,4.0
2025-10-02,13:15,Metro,M-Green,North District,West District,22.9,382,6,0.69,3.0
2025-10-02,14:30,Rail,R-Express,East District,City Center,47.7,467,23,2.39,1.0
2025-10-02,15:30,Shared Cycling,Cycle-Share,West District,North District,0.5,1,0,0.0,4.0
2025-10-02,17:00,Bus,B-71,West District,North District,10.6,27,4,1.06,3.0
2025-10-02,18:30,Metro,M-Green,West District,South District,25.8,186,5,0.77,4.0
2025-10-02,20:30,Bus,B-76,East District,South District,9.0,28,12,0.9,1.0
2025-10-03,06:30,Bus,B-18,South District,City Center,12.7,42,0,1.27,3.0
2025-10-03,09:30,Rail,R-Local,West District,North District,20.5,463,20,1.03,2.0
2025-10-03,15:15,Metro,M-Red,East District,North District,25.6,222,3,0.77,4.0
2025-10-03,16:15,Metro,M-Yellow,West District,City Center,19.9,423,0,0.6,4.0
2025-10-03,20:30,Shared Cycling,Cycle-Share,East District,City Center,2.3,1,0,0.0,4.0
2025-10-03,21:15,Shared Cycling,Cycle-Share,West District,North District,4.7,1,0,0.0,4.0
2025-10-03,23:45,Bus,B-60,North District,West District,12.8,25,0,1.28,3.0
2025-10-04,05:15,Tram,T-13,City Center,East District,9.9,117,7,0.4,3.0
2025-10-04,09:00,Bus,B-53,North District,City Center,14.8,61,0,1.48,4.0
2025-10-04,09:00,Metro,M-Yellow,North District,West District,9.9,263,0,0.3,3.0
2025-10-04,09:30,Bus,B-72,North District,City Center,11.8,35,1,1.18,3.0
2025-10-04,11:00,Bus,B-51,East District,North District,7.6,46,16,0.76,3.0
2025-10-04,11:45,Rail,R-Express,North District,East District,52.8,331,16,2.64,3.0
2025-10-04,12:15,Metro,M-Red,East District,North District,9.8,365,6,0.29,3.0
2025-10-04,15:15,Bus,B-83,North District,East District,3.6,42,31,0.36,3.0
2025-10-04,19:15,Bus,B-63,East District,West District,2.2,42,18,0.22,3.0
2025-10-04,20:30,Tram,T-10,City Center,South District,7.6,44,0,0.3,4.0
2025-10-04,22:45,Rail,R-Express,West District,City Center,67.2,165,9,3.36,2.0
2025-10-05,07:30,Bus,B-66,East District,South District,4.9,52,11,0.49,4.0
2025-10-05,07:30,Metro,M-Blue,East District,North District,13.7,197,2,0.41,3.0
2025-10-05,12:45,Metro,M-Blue,East District,South District,12.3,262,0,0.37,3.0
2025-10-05,14:15,Shared Cycling,Cycle-Share,South District,West District,4.2,1,0,0.0,4.0
2025-10-05,19:30,Bus,B-34,South District,East District,8.9,46,0,0.89,3.0
2025-10-06,06:30,Rail,R-Express,East District,City Center,66.4,322,11,3.32,3.0
2025-10-06,08:30,Bus,B-24,North District,West District,2.5,86,18,0.25,2.0
2025-10-06,08:45,Bus,B-17,City Center,North District,7.8,39,12,0.78,3.0
2025-10-06,17:15,Bus,B-66,North District,City Center,7.8,26,0,0.78,4.0
2025-10-06,18:45,Metro,M-Blue,South District,North District,27.6,507,1,0.83,3.0
2025-10-06,23:45,Rail,R-Local,City Center,North District,24.6,482,11,1.23,2.0
2025-10-07,12:00,Metro,M-Green,West District,North District,25.0,384,1,0.75,3.0
2025-10-07,14:15,Tram,T-7,South District,East District,3.4,111,7,0.14,3.0
2025-10-07,17:15,Metro,M-Red,North District,West District,17.8,240,0,0.53,3.0
2025-10-07,19:15,Tram,T-1,South District,East District,8.5,75,11,0.34,3.0
2025-10-07,19:30,Tram,T-2,South District,East District,3.4,92,0,0.14,4.0
2025-10-07,19:30,Tram,T-15,East District,City Center,9.3,92,9,0.37,5.0
2025-10-07,21:15,Metro,M-Green,City Center,North District,16.5,139,0,0.49,4.0
2025-10-07,22:30,Bus,B-97,South District,West District,10.4,28,12,1.04,5.0
2025-10-08,07:00,Bus,B-98,City Center,South District,3.3,43,0,0.33,1.0
2025-10-08,13:00,Metro,M-Blue,South District,City Center,9.4,92,0,0.28,5.0
2025-10-08,16:00,Metro,M-Yellow,East District,West District,11.2,331,0,0.34,4.0
2025-10-08,23:15,Metro,M-Red,North District,East District,14.2,361,5,0.43,3.0
2025-10-09,05:45,Bus,B-50,City Center,West District,5.5,38,2,0.55,4.0
2025-10-09,15:00,Bus,B-32,East District,West District,7.8,49,0,0.78,3.0
2025-10-09,19:00,Bus,B-67,South District,North District,14.9,44,10,1.49,4.0
2025-10-09,19:30,Metro,M-Yellow,South District,North District,14.6,254,2,0.44,4.0
2025-10-09,22:45,Metro,M-Blue,West District,City Center,24.0,162,0,0.72,4.0
2025-10-09,23:15,Metro,M-Green,East District,West District,15.0,254,6,0.45,5.0
2025-10-09,23:15,Bus,B-95,North District,West District,14.5,64,7,1.45,3.0
2025-10-10,08:30,Metro,M-Blue,North District,West District,16.8,277,0,0.5,1.0
2025-10-10,08:30,Bus,B-75,North District,East District,13.3,30,4,1.33,4.0
2025-10-10,10:00,Bus,B-64,West District,City Center,8.6,54,5,0.86,5.0
2025-10-10,11:45,Bus,B-60,City Center,West District,2.7,34,3,0.27,3.0
2025-10-10,12:00,Bus,B-36,East District,City Center,3.2,46,5,0.32,
2025-10-10,13:00,Metro,M-Red,City Center,South District,20.0,298,0,0.6,2.0
2025-10-10,15:15,Rail,R-Local,West District,South District,40.7,396,15,2.04,2.0
2025-10-10,15:30,Tram,T-3,West District,North District,9.0,106,0,0.36,3.0
2025-10-10,16:00,Metro,M-Yellow,East District,City Center,11.7,269,7,0.35,3.0
2025-10-10,16:30,Tram,T-5,North District,City Center,9.1,70,6,0.36,4.0
2025-10-10,19:00,Rail,R-Local,South District,City Center,59.6,431,10,2.98,3.0
2025-10-10,22:15,Metro,M-Blue,East District,North District,26.2,318,4,0.79,4.0
2025-10-11,05:15,Bus,B-60,City Center,West District,7.1,47,11,0.71,2.0
2025-10-11,06:45,Metro,M-Yellow,North District,East District,8.5,357,0,0.26,4.0
2025-10-11,07:15,Metro,M-Yellow,West District,North District,29.4,360,0,0.88,3.0
2025-10-11,10:00,Bus,B-51,South District,East District,11.8,68,3,1.18,4.0
2025-10-11,10:45,Rail,R-Local,City Center,North District,37.1,442,0,1.86,3.0
2025-10-11,12:45,Metro,M-Yellow,East District,West District,7.6,489,0,0.23,3.0
2025-10-11,13:00,Bus,B-80,East District,City Center,7.3,51,5,0.73,4.0
2025-10-11,14:15,Bus,B-66,South District,West District,11.9,17,0,1.19,3.0
2025-10-11,18:00,Metro,M-Yellow,North District,East District,25.3,241,0,0.76,3.0
2025-10-11,20:00,Rail,R-Local,City Center,East District,21.2,529,20,1.06,1.0
2025-10-11,22:30,Rail,R-Express,West District,South District,30.2,524,0,1.51,1.0
2025-10-11,22:30,Bus,B-40,East District,West District,8.2,21,0,0.82,2.0
2025-10-11,23:30,Tram,T-10,West District,North District,2.0,71,2,0.08,4.0
2025-10-12,09:30,Metro,M-Blue,City Center,North District,10.4,407,0,0.31,4.0
2025-10-12,12:00,Metro,M-Red,North District,South District,29.2,434,1,0.88,5.0
2025-10-12,14:00,Bus,B-70,City Center,West District,8.1,26,1,0.81,4.0
2025-10-12,20:00,Metro,M-Blue,City Center,East District,24.9,191,8,0.75,4.0
2025-10-12,22:00,Tram,T-1,East District,North District,3.6,109,4,0.14,3.0
2025-10-13,06:15,Bus,B-42,North District,South District,3.8,32,14,0.38,3.0
2025-10-13,13:30,Rail,R-Express,North District,City Center,36.5,157,13,1.83,2.0
2025-10-13,16:15,Rail,R-Express,South District,City Center,40.0,599,0,2.0,2.0
2025-10-13,16:30,Bus,B-97,City Center,North District,5.1,47,8,0.51,3.0
2025-10-13,17:30,Bus,B-82,West District,City Center,9.3,29,13,0.93,4.0
2025-10-13,22:00,Metro,M-Blue,South District,West District,14.1,404,6,0.42,3.0
2025-10-13,22:45,Metro,M-Green,North District,City Center,8.7,310,4,0.26,5.0
2025-10-14,10:00,Bus,B-39,City Center,South District,3.6,40,0,0.36,4.0
2025-10-14,11:30,Bus,B-36,West District,East District,14.2,30,13,1.42,2.0
2025-10-14,16:30,Bus,B-41,West District,South District,8.2,27,5,0.82,1.0
2025-10-14,20:45,Rail,R-Express,East District,West District,44.8,365,0,2.24,5.0
2025-10-15,05:30,Tram,T-6,West District,East District,8.5,72,4,0.34,3.0
2025-10-15,06:00,Bus,B-76,South District,City Center,6.2,46,16,0.62,
2025-10-15,09:30,Metro,M-Blue,West District,South District,14.5,293,0,0.43,4.0
2025-10-15,13:00,Metro,M-Green,West District,City Center,25.7,145,4,0.77,4.0
2025-10-15,15:30,Bus,B-17,City Center,North District,11.8,26,14,1.18,4.0
2025-10-15,16:45,Tram,T-15,West District,South District,5.4,105,14,0.22,4.0
2025-10-15,17:30,Bus,B-36,South District,West District,13.2,44,18,1.32,2.0
2025-10-15,18:45,Tram,T-8,South District,East District,8.6,54,5,0.34,4.0
2025-10-15,19:15,Shared Cycling,Cycle-Share,South District,East District,4.9,1,0,0.0,4.0
2025-10-15,19:30,Tram,T-4,West District,South District,4.4,85,5,0.18,4.0
2025-10-16,06:30,Metro,M-Blue,South District,North District,15.4,167,0,0.46,5.0
2025-10-16,13:45,Rail,R-Express,South District,North District,54.0,590,6,2.7,2.0
2025-10-16,17:45,Bus,B-99,West District,South District,3.1,1,0,0.31,3.0
2025-10-16,20:15,Bus,B-94,South District,North District,14.3,20,0,1.43,4.0
2025-10-16,20:30,Bus,B-87,West District,South District,9.5,46,0,0.95,3.0
2025-10-16,21:45,Bus,B-89,South District,West District,9.3,54,10,0.93,3.0
2025-10-16,23:45,Metro,M-Yellow,West District,South District,24.1,184,8,0.72,4.0
2025-10-17,06:45,Metro,M-Yellow,East District,North District,10.6,233,0,0.32,5.0
2025-10-17,10:15,Bus,B-94,West District,North District,3.9,28,0,0.39,3.0
2025-10-17,10:15,Metro,M-Green,North District,City Center,7.4,295,1,0.22,4.0
2025-10-17,10:45,Tram,T-8,North District,East District,4.9,99,0,0.2,3.0
2025-10-17,19:00,Bus,B-67,City Center,South District,13.6,63,10,1.36,2.0
2025-10-17,22:15,Bus,B-34,North District,West District,7.6,53,6,0.76,4.0
2025-10-17,23:30,Bus,B-71,East District,City Center,8.2,40,0,0.82,4.0
2025-10-18,14:15,Tram,T-15,East District,West District,7.8,91,6,0.31,2.0
2025-10-18,16:45,Bus,B-96,City Center,East District,3.4,50,0,0.34,4.0
2025-10-18,21:00,Bus,B-30,West District,North District,14.3,41,0,1.43,3.0
2025-10-18,23:00,Bus,B-15,East District,South District,13.5,48,9,1.35,4.0
2025-10-19,06:15,Metro,M-Red,South District,City Center,11.2,143,3,0.34,5.0
2025-10-19,09:00,Shared Cycling,Cycle-Share,City Center,West District,2.8,1,0,0.0,4.0
2025-10-19,16:00,Tram,T-13,South District,West District,3.9,82,9,0.16,3.0
2025-10-19,19:15,Metro,M-Red,South District,North District,6.8,332,0,0.2,4.0
2025-10-19,20:15,Bus,B-90,West District,North District,12.0,16,0,1.2,2.0
2025-10-19,21:45,Bus,B-64,West District,City Center,11.9,67,3,1.19,3.0
2025-10-20,05:45,Shared Cycling,Cycle-Share,East District,West District,4.3,1,0,0.0,4.0
2025-10-20,08:30,Metro,M-Blue,City Center,South District,11.0,530,0,0.33,4.0
2025-10-20,17:15,Metro,M-Red,City Center,South District,16.0,283,2,0.48,2.0
2025-10-20,19:00,Tram,T-4,City Center,East District,5.4,95,11,0.22,4.0
2025-10-20,21:00,Metro,M-Blue,City Center,South District,25.6,360,1,0.77,4.0
2025-10-20,21:45,Tram,T-5,East District,North District,5.6,24,0,0.22,3.0
2025-10-20,23:45,Shared Cycling,Cycle-Share,East District,City Center,4.2,1,0,0.0,4.0
2025-10-21,06:30,Bus,B-70,West District,North District,12.8,33,0,1.28,1.0
2025-10-21,08:00,Rail,R-Local,City Center,South District,20.3,320,0,1.02,3.0
2025-10-21,17:45,Bus,B-32,East District,North District,14.7,31,8,1.47,4.0
2025-10-21,18:30,Shared Cycling,Cycle-Share,West District,North District,1.5,1,0,0.0,4.0
2025-10-21,19:00,Metro,M-Red,North District,East District,25.8,344,0,0.77,3.0
2025-10-21,20:45,Metro,M-Yellow,North District,City Center,22.5,339,1,0.67,5.0
2025-10-22,05:15,Metro,M-Yellow,South District,North District,10.0,480,0,0.3,3.0
2025-10-22,06:15,Bus,B-39,City Center,North District,7.4,17,0,0.74,4.0
2025-10-22,07:30,Tram,T-3,West District,South District,7.8,65,2,0.31,5.0
2025-10-22,16:45,Bus,B-58,North District,South District,7.0,48,14,0.7,3.0
2025-10-22,18:30,Bus,B-70,West District,City Center,12.8,47,1,1.28,2.0
2025-10-22,19:00,Bus,B-69,City Center,North District,13.6,49,0,1.36,5.0
2025-10-22,20:15,Bus,B-70,West District,North District,7.7,46,22,0.77,5.0
2025-10-22,21:30,Rail,R-Local,North District,West District,48.1,323,0,2.41,2.0
2025-10-23,06:45,Bus,B-49,North District,West District,8.5,50,0,0.85,3.0
2025-10-23,07:30,Shared Cycling,Cycle-Share,East District,City Center,1.3,1,0,0.0,4.0
2025-10-23,10:00,Bus,B-78,East District,City Center,8.0,43,0,0.8,2.0
2025-10-23,10:45,Bus,B-26,East District,City Center,3.2,40,11,0.32,4.0
2025-10-23,15:00,Bus,B-77,City Center,West District,4.3,52,0,0.43,4.0
2025-10-23,20:00,Metro,M-Blue,North District,West District,26.7,204,5,0.8,3.0
2025-10-23,21:15,Tram,T-11,West District,City Center,3.0,139,0,0.12,4.0
2025-10-23,21:15,Metro,M-Green,South District,East District,9.9,434,3,0.3,3.0
2025-10-23,21:15,Rail,R-Local,North District,South District,36.5,328,0,1.83,3.0
2025-10-24,07:15,Bus,B-29,City Center,North District,13.1,32,0,1.31,3.0
2025-10-24,10:15,Rail,R-Express,North District,East District,46.1,411,19,2.31,4.0
2025-10-24,10:45,Metro,M-Green,East District,West District,23.6,420,5,0.71,4.0
2025-10-24,12:15,Metro,M-Blue,North District,South District,27.1,76,0,0.81,3.0
2025-10-24,12:30,Metro,M-Red,West District,North District,8.4,339,7,0.25,4.0
2025-10-24,13:30,Bus,B-20,West District,City Center,14.3,27,0,1.43,5.0
2025-10-24,15:30,Rail,R-Local,North District,City Center,66.9,444,4,3.35,2.0
2025-10-24,23:00,Bus,B-60,North District,East District,5.8,33,0,0.58,3.0
2025-10-25,05:45,Metro,M-Green,South District,City Center,26.8,254,0,0.8,4.0
2025-10-25,08:30,Bus,B-17,East District,City Center,10.6,28,0,1.06,4.0
2025-10-25,14:15,Metro,M-Yellow,North District,East District,7.3,46,5,0.22,4.0
2025-10-25,18:15,Bus,B-25,East District,City Center,3.6,59,10,0.36,4.0
2025-10-25,21:30,Bus,B-99,South District,North District,11.9,19,0,1.19,3.0
2025-10-26,07:30,Tram,T-7,North District,West District,5.0,105,0,0.2,3.0
2025-10-26,09:30,Metro,M-Yellow,North District,East District,23.5,331,4,0.7,5.0
2025-10-26,11:00,Metro,M-Yellow,City Center,North District,19.4,261,5,0.58,4.0
2025-10-26,17:45,Bus,B-63,City Center,North District,13.9,13,1,1.39,3.0
2025-10-26,18:30,Shared Cycling,Cycle-Share,West District,North District,2.6,1,0,0.0,5.0
2025-10-26,19:45,Tram,T-6,West District,North District,5.7,111,5,0.23,2.0
2025-10-26,21:30,Bus,B-22,North District,West District,13.2,13,9,1.32,3.0
2025-10-26,23:00,Bus,B-69,City Center,West District,6.4,38,0,0.64,5.0
2025-10-27,06:45,Bus,B-14,City Center,East District,8.3,51,9,0.83,5.0
2025-10-27,07:00,Metro,M-Green,City Center,South District,19.1,210,5,0.57,2.0
2025-10-27,14:45,Metro,M-Blue,City Center,West District,23.2,271,3,0.7,3.0
2025-10-27,16:00,Bus,B-89,East District,West District,7.4,24,0,0.74,4.0
2025-10-27,19:45,Metro,M-Blue,South District,City Center,6.7,158,3,0.2,4.0
2025-10-27,22:00,Rail,R-Local,South District,North District,63.5,84,38,3.18,3.0
2025-10-28,06:15,Rail,R-Express,East District,South District,66.0,376,0,3.3,3.0
2025-10-28,07:00,Tram,T-4,City Center,East District,9.4,90,10,0.38,3.0
2025-10-28,13:15,Rail,R-Local,East District,City Center,25.5,540,5,1.28,3.0
2025-10-28,15:00,Tram,T-13,City Center,North District,2.1,82,5,0.08,1.0
2025-10-28,16:30,Metro,M-Yellow,North District,East District,14.6,358,3,0.44,4.0
2025-10-28,19:15,Metro,M-Blue,West District,East District,10.0,208,8,0.3,3.0
2025-10-28,21:15,Tram,T-12,East District,City Center,4.1,65,0,0.16,3.0
2025-10-29,07:30,Metro,M-Yellow,East District,West District,13.9,351,4,0.42,4.0
2025-10-29,09:00,Bus,B-90,North District,East District,7.8,56,5,0.78,3.0
2025-10-29,10:45,Rail,R-Express,West District,South District,55.4,328,0,2.77,2.0
2025-10-29,14:15,Bus,B-49,City Center,East District,11.2,25,4,1.12,3.0
2025-10-29,20:15,Bus,B-40,West District,City Center,10.9,50,0,1.09,4.0
2025-10-29,22:00,Bus,B-44,South District,North District,9.2,27,19,0.92,4.0
2025-10-29,22:15,Bus,B-15,West District,North District,2.4,54,6,0.24,3.0
2025-10-29,23:45,Bus,B-24,City Center,West District,5.5,46,19,0.55,4.0
2025-10-30,06:15,Metro,M-Yellow,North District,West District,13.4,270,5,0.4,3.0
2025-10-30,09:15,Metro,M-Green,West District,South District,24.6,158,6,0.74,
2025-10-30,13:45,Shared Cycling,Cycle-Share,City Center,North District,2.7,1,0,0.0,4.0
2025-10-31,08:15,Metro,M-Yellow,South District,North District,9.8,382,6,0.29,4.0
2025-10-31,08:30,Tram,T-2,South District,City Center,6.6,91,0,0.26,4.0
2025-10-31,11:00,Bus,B-70,City Center,South District,3.9,48,7,0.39,2.0
2025-10-31,11:15,Bus,B-97,South District,North District,7.6,19,0,0.76,3.0
2025-10-31,13:45,Bus,B-36,South District,East District,4.6,18,22,0.46,1.0
2025-10-31,14:30,Rail,R-Local,South District,West District,40.1,397,6,2.01,4.0
2025-10-31,20:30,Bus,B-47,East District,North District,10.2,62,25,1.02,5.0
2025-11-01,06:00,Bus,B-69,South District,North District,8.7,38,7,0.87,5.0
2025-11-01,12:15,Metro,M-Green,West District,North District,29.8,366,0,0.89,4.0
2025-11-01,14:30,Bus,B-34,City Center,West District,12.8,34,0,1.28,2.0
2025-11-01,14:45,Metro,M-Red,City Center,North District,23.1,171,0,0.69,5.0
2025-11-01,17:00,Metro,M-Blue,East District,South District,30.0,452,0,0.9,5.0
2025-11-01,18:00,Metro,M-Blue,South District,City Center,16.7,374,0,0.5,4.0
2025-11-01,21:00,Bus,B-95,West District,East District,5.6,49,0,0.56,3.0
2025-11-02,05:15,Bus,B-58,West District,East District,3.6,43,7,0.36,1.0
2025-11-02,07:45,Rail,R-Express,North District,West District,21.9,758,25,1.09,4.0
2025-11-02,08:15,Bus,B-13,East District,West District,12.2,36,0,1.22,2.0
2025-11-02,09:15,Metro,M-Red,City Center,North District,29.4,332,0,0.88,4.0
2025-11-02,09:30,Bus,B-16,City Center,North District,14.0,25,0,1.4,3.0
2025-11-02,10:00,Metro,M-Yellow,East District,West District,12.7,313,0,0.38,2.0
2025-11-02,11:45,Bus,B-67,East District,City Center,13.3,49,0,1.33,5.0
2025-11-02,12:45,Bus,B-85,East District,North District,3.8,35,10,0.38,2.0
2025-11-02,16:30,Bus,B-21,North District,West District,3.4,43,0,0.34,2.0
2025-11-02,18:45,Shared Cycling,Cycle-Share,East District,City Center,1.0,1,0,0.0,4.0
2025-11-02,19:30,Bus,B-42,City Center,North District,3.6,28,0,0.36,3.0
2025-11-02,20:30,Tram,T-8,West District,East District,7.0,60,10,0.28,5.0
2025-11-02,21:30,Rail,R-Local,City Center,West District,62.3,549,24,3.12,1.0
2025-11-02,22:45,Tram,T-13,North District,West District,2.3,71,0,0.09,3.0
2025-11-03,05:45,Tram,T-11,South District,West District,9.3,113,2,0.37,3.0
2025-11-03,11:30,Bus,B-51,South District,North District,8.7,34,4,0.87,3.0
2025-11-03,17:45,Tram,T-13,City Center,West District,6.4,119,1,0.26,4.0
2025-11-03,19:15,Rail,R-Express,East District,North District,22.1,662,23,1.11,2.0
2025-11-03,23:15,Bus,B-24,West District,East District,11.3,28,0,1.13,5.0
2025-11-04,12:45,Bus,B-15,East District,West District,7.0,56,7,0.7,3.0
2025-11-04,20:45,Metro,M-Red,East District,South District,7.3,417,0,0.22,4.0
2025-11-05,05:00,Shared Cycling,Cycle-Share,West District,South District,3.9,1,0,0.0,4.0
2025-11-05,07:00,Bus,B-10,West District,South District,13.9,53,10,1.39,3.0
2025-11-05,11:30,Bus,B-61,West District,South District,7.6,45,2,0.76,3.0
2025-11-05,12:15,Bus,B-34,East District,North District,8.8,1,15,0.88,4.0
2025-11-05,14:00,Bus,B-59,South District,City Center,2.1,37,2,0.21,1.0
2025-11-05,15:15,Bus,B-71,North District,City Center,5.5,43,0,0.55,3.0
2025-11-05,21:15,Metro,M-Blue,East District,South District,28.9,184,3,0.87,2.0
2025-11-06,09:45,Metro,M-Red,South District,City Center,24.3,275,5,0.73,4.0
2025-11-06,10:00,Metro,M-Yellow,East District,South District,12.6,191,2,0.38,3.0
2025-11-06,14:30,Tram,T-15,North District,East District,2.8,91,8,0.11,2.0
2025-11-06,15:15,Tram,T-2,North District,City Center,7.4,97,0,0.3,5.0
2025-11-06,17:45,Bus,B-46,South District,East District,11.4,55,4,1.14,4.0
2025-11-06,18:30,Bus,B-97,South District,City Center,10.9,37,15,1.09,3.0
2025-11-06,19:15,Tram,T-9,East District,North District,3.4,105,4,0.14,3.0
2025-11-06,22:45,Bus,B-70,North District,South District,8.0,18,0,0.8,3.0
2025-11-07,05:45,Metro,M-Red,West District,East District,29.0,332,6,0.87,3.0
2025-11-07,06:00,Metro,M-Red,East District,West District,14.2,276,9,0.43,2.0
2025-11-07,08:00,Metro,M-Blue,North District,City Center,13.0,153,0,0.39,4.0
2025-11-07,13:00,Metro,M-Blue,East District,South District,7.7,352,1,0.23,5.0
2025-11-07,13:15,Tram,T-11,South District,East District,6.4,81,9,0.26,3.0
2025-11-07,13:45,Tram,T-7,East District,City Center,8.9,68,0,0.36,3.0
2025-11-07,14:30,Rail,R-Express,City Center,West District,41.8,548,4,2.09,3.0
2025-11-07,17:15,Rail,R-Local,South District,East District,55.1,453,9,2.76,3.0
2025-11-07,17:30,Bus,B-78,West District,South District,4.6,59,24,0.46,2.0
2025-11-07,22:30,Bus,B-34,North District,West District,12.1,17,17,1.21,3.0
2025-11-07,23:15,Tram,T-4,East District,City Center,3.8,100,4,0.15,5.0
2025-11-08,06:15,Bus,B-91,North District,South District,7.3,40,14,0.73,3.0
2025-11-08,07:00,Bus,B-61,South District,East District,3.2,45,1,0.32,3.0
2025-11-08,08:15,Shared Cycling,Cycle-Share,West District,East District,2.6,1,0,0.0,4.0
2025-11-08,18:45,Bus,B-29,West District,South District,11.4,54,11,1.14,3.0
2025-11-08,19:00,Metro,M-Blue,City Center,East District,25.8,348,0,0.77,4.0
2025-11-08,20:30,Metro,M-Yellow,East District,North District,28.6,255,0,0.86,3.0
2025-11-08,22:45,Bus,B-50,East District,West District,3.5,23,8,0.35,2.0
2025-11-09,07:00,Bus,B-16,South District,West District,7.5,45,15,0.75,4.0
2025-11-09,07:00,Bus,B-70,City Center,North District,15.0,42,0,1.5,3.0
2025-11-09,13:15,Metro,M-Red,South District,North District,19.3,96,2,0.58,3.0
2025-11-09,16:45,Bus,B-61,West District,South District,10.7,30,12,1.07,2.0
2025-11-09,17:00,Rail,R-Local,North District,West District,59.4,175,10,2.97,3.0
2025-11-09,18:00,Metro,M-Red,West District,South District,12.2,222,0,0.37,3.0
2025-11-09,18:15,Bus,B-21,City Center,West District,13.6,36,1,1.36,4.0
2025-11-09,22:00,Metro,M-Green,North District,South District,22.7,368,0,0.68,3.0
2025-11-10,10:30,Bus,B-20,City Center,East District,6.6,37,13,0.66,2.0
2025-11-10,13:30,Bus,B-91,North District,South District,11.0,39,17,1.1,1.0
2025-11-10,14:45,Bus,B-63,South District,North District,5.3,42,0,0.53,4.0
2025-11-10,16:15,Bus,B-38,East District,South District,6.4,21,0,0.64,3.0
2025-11-10,20:00,Bus,B-95,North District,South District,13.1,38,0,1.31,4.0
2025-11-11,06:30,Metro,M-Blue,West District,East District,16.9,436,0,0.51,4.0
2025-11-11,10:15,Bus,B-22,East District,West District,2.5,56,4,0.25,4.0
2025-11-11,10:45,Metro,M-Red,East District,North District,17.6,230,0,0.53,5.0
2025-11-11,19:15,Bus,B-68,North District,West District,11.1,61,2,1.11,2.0
2025-11-11,19:30,Bus,B-12,North District,City Center,2.1,38,0,0.21,3.0
2025-11-11,20:45,Metro,M-Red,City Center,North District,7.8,250,3,0.23,4.0
2025-11-12,11:15,Bus,B-62,East District,City Center,13.8,50,3,1.38,3.0
2025-11-12,12:00,Rail,R-Local,East District,City Center,58.2,629,0,2.91,2.0
2025-11-12,12:30,Metro,M-Yellow,West District,North District,6.1,270,0,0.18,3.0
2025-11-12,13:00,Metro,M-Green,City Center,East District,29.2,188,1,0.88,3.0
2025-11-12,17:45,Bus,B-38,City Center,North District,11.5,26,4,1.15,3.0
2025-11-12,20:00,Bus,B-13,South District,West District,2.6,48,19,0.26,4.0
2025-11-13,05:30,Bus,B-81,East District,South District,2.5,48,0,0.25,4.0
2025-11-13,09:30,Shared Cycling,Cycle-Share,North District,West District,2.9,1,0,0.0,4.0
2025-11-13,10:00,Bus,B-81,City Center,East District,4.1,40,0,0.41,3.0
2025-11-13,10:45,Metro,M-Yellow,South District,East District,23.5,239,1,0.7,3.0
2025-11-13,15:45,Rail,R-Local,City Center,North District,55.2,356,24,2.76,4.0
2025-11-13,19:45,Metro,M-Yellow,East District,South District,15.6,311,7,0.47,4.0
2025-11-13,23:00,Bus,B-27,South District,West District,4.1,32,15,0.41,5.0
2025-11-14,09:15,Bus,B-42,West District,South District,5.2,35,2,0.52,2.0
2025-11-14,09:15,Rail,R-Express,East District,City Center,71.5,201,19,3.58,
2025-11-14,10:30,Bus,B-97,East District,City Center,9.9,45,0,0.99,3.0
2025-11-14,12:30,Metro,M-Blue,North District,West District,22.0,276,5,0.66,4.0
2025-11-14,12:45,Bus,B-26,City Center,East District,10.1,36,0,1.01,2.0
2025-11-14,21:30,Metro,M-Red,City Center,North District,14.2,339,7,0.43,3.0
2025-11-14,23:30,Bus,B-57,South District,East District,6.7,32,13,0.67,3.0
2025-11-14,23:45,Metro,M-Yellow,East District,West District,28.6,189,0,0.86,3.0
2025-11-15,10:30,Metro,M-Blue,East District,West District,11.9,145,9,0.36,4.0
2025-11-15,11:00,Bus,B-71,West District,City Center,11.0,51,0,1.1,3.0
2025-11-15,20:15,Bus,B-25,City Center,South District,11.4,55,0,1.14,3.0
2025-11-15,22:15,Rail,R-Local,South District,West District,69.1,405,0,3.46,2.0
2025-11-15,22:15,Bus,B-30,East District,North District,6.8,29,2,0.68,3.0
2025-11-15,23:00,Bus,B-85,West District,City Center,13.3,63,0,1.33,5.0
2025-11-16,09:30,Bus,B-58,South District,City Center,2.1,50,2,0.21,4.0
2025-11-16,10:15,Shared Cycling,Cycle-Share,East District,City Center,1.3,1,0,0.0,4.0
2025-11-16,12:45,Tram,T-1,East District,South District,4.6,88,2,0.18,3.0
2025-11-16,15:30,Bus,B-29,East District,City Center,3.4,8,17,0.34,2.0
2025-11-16,19:00,Bus,B-27,South District,East District,11.0,41,0,1.1,4.0
2025-11-16,20:45,Bus,B-18,City Center,West District,11.5,31,1,1.15,3.0
2025-11-16,22:30,Bus,B-89,City Center,West District,9.4,59,13,0.94,
2025-11-17,14:45,Bus,B-59,City Center,East District,11.4,26,0,1.14,3.0
2025-11-17,15:15,Bus,B-48,North District,West District,11.4,22,1,1.14,3.0
2025-11-17,15:30,Bus,B-98,East District,City Center,6.3,36,15,0.63,4.0
2025-11-17,16:00,Bus,B-47,North District,City Center,11.4,35,6,1.14,5.0
2025-11-17,20:00,Shared Cycling,Cycle-Share,East District,South District,3.5,1,0,0.0,4.0
2025-11-17,22:30,Bus,B-84,East District,West District,10.0,57,28,1.0,4.0
2025-11-17,22:30,Metro,M-Green,South District,West District,28.5,384,3,0.85,4.0
2025-11-18,05:15,Metro,M-Yellow,North District,West District,5.4,425,6,0.16,5.0
2025-11-18,07:00,Metro,M-Red,South District,North District,11.3,356,0,0.34,4.0
2025-11-18,09:15,Metro,M-Green,West District,City Center,10.9,197,0,0.33,2.0
2025-11-18,11:15,Metro,M-Yellow,North District,East District,6.8,320,4,0.2,4.0
2025-11-18,13:15,Bus,B-48,City Center,West District,14.7,39,2,1.47,3.0
2025-11-18,13:30,Tram,T-7,South District,East District,2.9,69,5,0.12,2.0
2025-11-18,17:15,Metro,M-Yellow,City Center,North District,25.2,345,12,0.76,3.0
2025-11-18,19:00,Bus,B-17,City Center,West District,14.2,30,9,1.42,1.0
2025-11-18,20:00,Metro,M-Red,West District,City Center,11.5,345,0,0.34,4.0
2025-11-19,08:00,Bus,B-37,City Center,West District,14.0,34,6,1.4,4.0
2025-11-19,10:00,Shared Cycling,Cycle-Share,West District,South District,3.2,1,0,0.0,4.0
2025-11-19,13:30,Metro,M-Blue,East District,City Center,19.3,174,0,0.58,4.0
2025-11-19,18:15,Bus,B-60,East District,West District,9.7,56,13,0.97,3.0
2025-11-19,21:45,Metro,M-Red,North District,City Center,10.5,357,0,0.32,4.0
2025-11-20,10:15,Tram,T-6,West District,North District,6.4,96,0,0.26,
2025-11-20,12:00,Bus,B-99,North District,West District,4.4,46,0,0.44,3.0
2025-11-20,14:15,Metro,M-Red,West District,City Center,5.0,480,0,0.15,3.0
2025-11-20,15:15,Tram,T-10,South District,West District,8.3,78,15,0.33,3.0
2025-11-20,17:00,Metro,M-Blue,East District,South District,29.1,216,0,0.87,4.0
2025-11-20,23:30,Bus,B-75,City Center,East District,9.4,27,0,0.94,2.0
2025-11-21,09:00,Bus,B-82,South District,City Center,11.6,30,10,1.16,2.0
2025-11-21,12:15,Rail,R-Express,East District,West District,20.9,526,2,1.04,1.0
2025-11-21,15:00,Rail,R-Express,South District,East District,76.9,299,0,3.85,2.0
2025-11-21,15:45,Metro,M-Blue,South District,North District,7.6,194,0,0.23,3.0
2025-11-21,16:45,Bus,B-86,North District,South District,12.4,22,0,1.24,5.0
2025-11-21,17:15,Metro,M-Yellow,City Center,West District,23.7,173,9,0.71,3.0
2025-11-21,21:30,Metro,M-Yellow,City Center,East District,21.9,315,1,0.66,3.0
2025-11-22,06:15,Tram,T-7,South District,East District,8.2,48,6,0.33,4.0
2025-11-22,14:15,Tram,T-10,City Center,South District,10.0,78,1,0.4,3.0
2025-11-22,14:45,Tram,T-9,East District,South District,6.8,132,0,0.27,4.0
2025-11-22,18:00,Bus,B-32,East District,North District,3.8,34,2,0.38,5.0
2025-11-22,19:15,Rail,R-Express,West District,North District,49.9,372,0,2.5,5.0
2025-11-22,20:30,Tram,T-11,East District,City Center,7.9,114,0,0.32,3.0
2025-11-22,20:45,Tram,T-7,East District,South District,6.8,74,10,0.27,3.0
2025-11-22,20:45,Metro,M-Yellow,East District,North District,8.0,341,8,0.24,3.0
2025-11-22,21:00,Metro,M-Green,West District,North District,20.2,510,2,0.61,2.0
2025-11-23,11:45,Bus,B-35,West District,East District,4.0,53,23,0.4,3.0
2025-11-23,12:00,Bus,B-40,East District,West District,10.5,10,11,1.05,4.0
2025-11-23,12:15,Bus,B-73,City Center,North District,9.9,84,22,0.99,4.0
2025-11-23,12:30,Bus,B-40,City Center,West District,6.9,42,11,0.69,3.0
2025-11-23,16:15,Metro,M-Blue,North District,East District,23.2,262,6,0.7,4.0
2025-11-23,16:30,Metro,M-Green,City Center,West District,26.3,289,0,0.79,5.0
2025-11-23,22:30,Tram,T-10,South District,East District,8.4,89,2,0.34,5.0
2025-11-24,07:00,Metro,M-Blue,West District,North District,24.2,342,0,0.73,3.0
2025-11-24,09:45,Tram,T-15,South District,East District,6.0,49,7,0.24,3.0
2025-11-24,14:30,Metro,M-Green,City Center,East District,23.9,241,3,0.72,4.0
2025-11-24,14:30,Tram,T-8,West District,South District,9.2,64,6,0.37,3.0
2025-11-24,16:45,Bus,B-43,North District,West District,6.3,29,8,0.63,4.0
2025-11-24,18:30,Bus,B-10,City Center,West District,5.3,28,7,0.53,5.0
2025-11-24,19:00,Tram,T-4,East District,West District,8.4,91,7,0.34,4.0
2025-11-24,19:30,Bus,B-92,East District,South District,13.1,47,11,1.31,4.0
2025-11-24,21:45,Rail,R-Local,West District,North District,55.6,172,21,2.78,2.0
2025-11-24,22:00,Bus,B-90,City Center,West District,10.9,27,15,1.09,3.0
2025-11-25,05:00,Rail,R-Local,South District,City Center,76.9,395,36,3.85,1.0
2025-11-25,11:30,Bus,B-85,West District,South District,12.5,34,3,1.25,3.0
2025-11-25,13:00,Metro,M-Yellow,West District,North District,12.3,227,12,0.37,4.0
2025-11-25,16:45,Bus,B-95,City Center,North District,5.6,34,0,0.56,5.0
2025-11-25,18:45,Tram,T-13,North District,South District,7.3,88,0,0.29,5.0
2025-11-25,19:30,Bus,B-77,South District,East District,7.5,63,0,0.75,2.0
2025-11-25,21:15,Metro,M-Red,City Center,South District,9.9,102,0,0.3,3.0
2025-11-25,23:00,Tram,T-6,North District,City Center,7.3,79,11,0.29,4.0
2025-11-26,08:00,Bus,B-78,East District,South District,3.6,62,2,0.36,1.0
2025-11-26,11:45,Metro,M-Green,West District,East District,29.7,311,3,0.89,3.0
2025-11-26,11:45,Bus,B-92,City Center,West District,12.3,31,15,1.23,4.0
2025-11-26,12:15,Bus,B-61,City Center,East District,11.8,62,0,1.18,1.0
2025-11-26,15:00,Metro,M-Green,North District,West District,28.2,275,9,0.85,4.0
2025-11-26,17:30,Metro,M-Green,East District,South District,16.5,248,1,0.49,5.0
2025-11-26,21:15,Metro,M-Blue,North District,South District,26.5,216,4,0.79,4.0
2025-11-27,05:30,Tram,T-6,West District,City Center,6.1,122,6,0.24,3.0
2025-11-27,05:30,Shared Cycling,Cycle-Share,South District,West District,2.2,1,0,0.0,4.0
2025-11-27,10:00,Bus,B-65,North District,South District,12.3,40,0,1.23,3.0
2025-11-27,14:00,Bus,B-13,City Center,West District,4.4,38,18,0.44,2.0
2025-11-27,14:15,Metro,M-Green,West District,City Center,16.2,362,5,0.49,3.0
2025-11-27,14:30,Tram,T-7,North District,East District,6.5,97,7,0.26,5.0
2025-11-27,14:45,Metro,M-Yellow,West District,North District,18.8,331,4,0.56,4.0
2025-11-27,17:00,Rail,R-Local,East District,North District,30.0,315,0,1.5,4.0
2025-11-27,19:00,Tram,T-11,East District,North District,8.9,94,2,0.36,5.0
2025-11-27,19:30,Shared Cycling,Cycle-Share,City Center,South District,1.6,1,0,0.0,4.0
2025-11-28,05:45,Metro,M-Red,City Center,North District,10.5,216,9,0.32,3.0
2025-11-28,07:45,Bus,B-85,City Center,South District,9.9,53,2,0.99,4.0
2025-11-28,10:00,Bus,B-96,City Center,East District,10.4,23,3,1.04,3.0
2025-11-28,18:15,Bus,B-57,North District,West District,2.7,46,3,0.27,3.0
2025-11-28,20:00,Metro,M-Red,West District,South District,20.5,385,1,0.61,4.0
2025-11-28,21:45,Bus,B-17,East District,West District,11.7,37,12,1.17,2.0
2025-11-28,23:45,Rail,R-Local,North District,East District,26.5,198,14,1.33,2.0
2025-11-29,06:30,Bus,B-45,West District,North District,13.3,58,7,1.33,3.0
2025-11-29,11:45,Bus,B-69,South District,West District,11.2,66,8,1.12,2.0
2025-11-29,12:15,Bus,B-57,South District,City Center,11.4,40,11,1.14,1.0
2025-11-29,12:30,Bus,B-53,West District,North District,7.7,30,0,0.77,3.0
2025-11-29,15:00,Bus,B-34,North District,West District,9.2,57,1,0.92,2.0
2025-11-29,15:30,Bus,B-24,South District,City Center,9.3,36,20,0.93,4.0
2025-11-29,22:15,Metro,M-Yellow,West District,South District,5.1,224,5,0.15,2.0
2025-11-30,10:45,Metro,M-Blue,South District,East District,21.5,156,3,0.65,3.0
2025-11-30,11:45,Metro,M-Red,North District,South District,19.9,121,0,0.6,4.0
2025-11-30,12:15,Bus,B-99,East District,West District,9.0,50,0,0.9,4.0
2025-11-30,15:00,Tram,T-5,North District,East District,4.4,95,0,0.18,3.0
2025-11-30,15:30,Rail,R-Local,South District,East District,53.1,195,0,2.66,4.0
2025-11-30,15:30,Metro,M-Red,North District,East District,19.0,378,0,0.57,3.0
2025-11-30,20:15,Bus,B-77,East District,South District,2.1,57,0,0.21,3.0
2025-11-30,22:45,Metro,M-Yellow,City Center,North District,6.1,423,0,0.18,4.0
2025-12-01,15:45,Rail,R-Express,West District,East District,60.8,288,0,3.04,4.0
2025-12-01,20:30,Bus,B-31,West District,South District,12.6,23,0,1.26,5.0
2025-12-01,22:00,Bus,B-53,West District,City Center,11.7,42,0,1.17,4.0
2025-12-02,05:15,Bus,B-11,East District,South District,14.9,1,3,1.49,2.0
2025-12-02,08:00,Bus,B-70,East District,City Center,6.4,64,17,0.64,1.0
2025-12-02,09:00,Bus,B-64,East District,West District,13.6,46,5,1.36,2.0
2025-12-02,10:15,Bus,B-92,West District,North District,6.0,37,11,0.6,4.0
2025-12-02,13:45,Tram,T-14,North District,East District,6.6,75,4,0.26,3.0
2025-12-02,14:30,Tram,T-1,South District,West District,3.0,139,11,0.12,4.0
2025-12-02,15:45,Bus,B-57,East District,South District,9.3,41,0,0.93,2.0
2025-12-02,20:45,Tram,T-12,City Center,East District,4.3,100,7,0.17,4.0
2025-12-02,21:30,Bus,B-26,City Center,South District,4.9,41,0,0.49,4.0
2025-12-02,22:15,Bus,B-48,West District,City Center,10.0,46,12,1.0,3.0
2025-12-03,05:00,Shared Cycling,Cycle-Share,South District,East District,4.4,1,0,0.0,4.0
2025-12-03,07:00,Bus,B-12,East District,West District,10.8,41,9,1.08,3.0
2025-12-03,09:15,Metro,M-Red,East District,West District,5.3,339,4,0.16,3.0
2025-12-03,09:30,Bus,B-91,City Center,West District,4.4,39,0,0.44,2.0
2025-12-03,13:00,Metro,M-Blue,South District,City Center,17.9,117,3,0.54,2.0
2025-12-03,20:15,Bus,B-86,South District,East District,9.9,33,8,0.99,3.0
2025-12-03,23:15,Tram,T-13,East District,North District,3.8,99,7,0.15,4.0
2025-12-04,05:00,Metro,M-Red,East District,North District,16.4,87,4,0.49,3.0
2025-12-04,07:15,Metro,M-Green,City Center,South District,27.2,308,0,0.82,4.0
2025-12-04,14:45,Rail,R-Local,City Center,East District,56.4,503,19,2.82,2.0
2025-12-04,17:15,Rail,R-Express,West District,South District,32.7,388,11,1.64,1.0
2025-12-04,19:00,Bus,B-78,South District,West District,8.0,21,5,0.8,3.0
2025-12-04,19:30,Rail,R-Local,West District,North District,54.1,421,8,2.71,2.0
2025-12-04,20:30,Rail,R-Express,West District,South District,22.3,441,4,1.11,2.0
2025-12-04,20:45,Rail,R-Local,North District,South District,48.9,293,0,2.45,2.0
2025-12-04,23:00,Bus,B-29,East District,City Center,10.9,50,20,1.09,2.0
2025-12-05,09:15,Metro,M-Red,North District,West District,15.9,381,7,0.48,4.0
2025-12-05,10:15,Metro,M-Blue,East District,North District,27.4,302,0,0.82,4.0
2025-12-05,10:45,Metro,M-Blue,South District,City Center,10.6,297,8,0.32,3.0
2025-12-05,11:15,Rail,R-Express,South District,East District,59.9,328,0,3.0,2.0
2025-12-05,15:15,Bus,B-72,South District,West District,11.9,15,0,1.19,3.0
2025-12-05,15:45,Tram,T-14,West District,South District,4.7,74,0,0.19,5.0
2025-12-05,16:00,Bus,B-38,East District,South District,13.5,47,0,1.35,4.0
2025-12-05,17:45,Bus,B-66,North District,West District,7.0,24,0,0.7,2.0
2025-12-05,23:00,Bus,B-15,City Center,West District,12.2,35,1,1.22,2.0
2025-12-06,05:00,Rail,R-Local,South District,City Center,53.3,495,6,2.67,2.0
2025-12-06,07:15,Bus,B-56,North District,West District,5.5,40,21,0.55,3.0
2025-12-06,07:15,Metro,M-Yellow,North District,East District,12.5,212,0,0.38,3.0
2025-12-06,07:45,Tram,T-3,City Center,North District,4.4,89,0,0.18,4.0
2025-12-06,11:30,Metro,M-Blue,East District,North District,21.4,216,5,0.64,2.0
2025-12-06,12:45,Metro,M-Yellow,City Center,North District,24.8,373,14,0.74,2.0
2025-12-06,17:00,Metro,M-Blue,East District,City Center,20.7,246,4,0.62,5.0
2025-12-06,20:30,Metro,M-Blue,East District,North District,29.8,363,2,0.89,2.0
2025-12-06,21:00,Tram,T-11,West District,North District,5.5,80,10,0.22,3.0
2025-12-06,21:30,Metro,M-Yellow,North District,City Center,6.2,338,3,0.19,5.0
2025-12-07,05:30,Tram,T-2,East District,West District,8.3,45,8,0.33,4.0
2025-12-07,07:30,Rail,R-Express,City Center,North District,42.6,322,30,2.13,3.0
2025-12-07,14:00,Metro,M-Blue,North District,East District,5.1,367,0,0.15,3.0
2025-12-07,15:15,Metro,M-Red,North District,West District,24.3,223,0,0.73,4.0
2025-12-07,15:30,Bus,B-30,City Center,North District,3.2,35,1,0.32,3.0
2025-12-08,11:30,Metro,M-Red,West District,East District,8.0,350,0,0.24,4.0
2025-12-08,12:15,Shared Cycling,Cycle-Share,City Center,North District,2.0,1,0,0.0,4.0
2025-12-08,12:30,Shared Cycling,Cycle-Share,West District,City Center,2.6,1,0,0.0,4.0
2025-12-08,12:45,Metro,M-Blue,North District,City Center,9.9,212,6,0.3,4.0
2025-12-08,17:45,Tram,T-8,North District,West District,6.5,76,1,0.26,2.0
2025-12-08,18:30,Bus,B-85,North District,South District,3.8,39,0,0.38,
2025-12-08,21:30,Metro,M-Yellow,West District,South District,22.7,297,3,0.68,3.0
2025-12-09,05:30,Rail,R-Express,City Center,East District,74.8,482,17,3.74,2.0
2025-12-09,06:45,Metro,M-Green,East District,City Center,28.3,319,4,0.85,5.0
2025-12-09,15:00,Rail,R-Local,North District,East District,58.1,149,14,2.91,4.0
2025-12-09,15:15,Bus,B-93,West District,City Center,5.7,34,9,0.57,3.0
2025-12-09,17:00,Metro,M-Yellow,City Center,East District,8.1,255,5,0.24,3.0
2025-12-09,17:45,Bus,B-51,West District,East District,9.6,76,20,0.96,
2025-12-09,19:45,Metro,M-Red,East District,City Center,15.4,484,11,0.46,4.0
2025-12-09,23:45,Metro,M-Green,East District,West District,20.6,479,0,0.62,5.0
2025-12-10,05:45,Metro,M-Blue,West District,South District,25.9,422,0,0.78,4.0
2025-12-10,05:45,Tram,T-11,East District,South District,8.2,99,2,0.33,2.0
2025-12-10,07:00,Metro,M-Red,North District,East District,10.2,428,2,0.31,2.0
2025-12-10,08:15,Metro,M-Red,City Center,South District,25.7,145,7,0.77,3.0
2025-12-10,10:00,Tram,T-2,South District,City Center,3.0,77,2,0.12,3.0
2025-12-10,10:00,Tram,T-1,City Center,North District,7.1,70,0,0.28,
2025-12-10,14:15,Rail,R-Express,East District,South District,40.5,524,24,2.02,1.0
2025-12-10,14:30,Tram,T-15,East District,South District,3.9,84,2,0.16,4.0
2025-12-10,19:15,Metro,M-Yellow,City Center,East District,19.7,294,8,0.59,4.0
2025-12-10,19:30,Bus,B-68,West District,City Center,10.2,48,0,1.02,3.0
2025-12-11,10:30,Bus,B-48,City Center,East District,5.8,26,10,0.58,3.0
2025-12-11,17:45,Metro,M-Yellow,North District,West District,24.3,201,1,0.73,3.0
2025-12-11,18:15,Metro,M-Yellow,South District,East District,10.8,484,4,0.32,4.0
2025-12-11,19:15,Rail,R-Express,East District,North District,64.9,373,0,3.25,5.0
2025-12-11,22:00,Metro,M-Yellow,North District,West District,26.1,300,7,0.78,5.0
2025-12-11,23:30,Bus,B-46,West District,South District,2.6,37,10,0.26,5.0
2025-12-11,23:30,Metro,M-Blue,South District,East District,6.8,353,3,0.2,3.0
2025-12-12,06:00,Metro,M-Blue,South District,North District,9.9,237,0,0.3,3.0
2025-12-12,08:15,Bus,B-73,West District,East District,6.1,26,14,0.61,4.0
2025-12-12,10:45,Bus,B-52,North District,West District,12.1,36,0,1.21,2.0
2025-12-12,13:45,Bus,B-32,North District,West District,13.2,25,0,1.32,3.0
2025-12-12,17:15,Tram,T-10,South District,East District,8.2,91,9,0.33,3.0
2025-12-12,19:00,Bus,B-36,East District,South District,9.3,44,2,0.93,2.0
2025-12-12,19:15,Metro,M-Blue,West District,North District,10.8,291,0,0.32,2.0
2025-12-12,20:00,Shared Cycling,Cycle-Share,City Center,West District,4.6,1,0,0.0,4.0
2025-12-13,06:15,Bus,B-23,City Center,West District,3.1,32,8,0.31,5.0
2025-12-13,11:30,Bus,B-74,South District,West District,10.7,34,0,1.07,3.0
2025-12-13,15:15,Metro,M-Blue,City Center,West District,28.4,395,4,0.85,4.0
2025-12-13,18:45,Metro,M-Blue,City Center,South District,7.2,387,0,0.22,5.0
2025-12-13,22:30,Bus,B-68,South District,West District,3.1,52,6,0.31,3.0
2025-12-13,22:45,Metro,M-Green,East District,North District,29.1,22,1,0.87,5.0
2025-12-14,06:15,Metro,M-Blue,West District,South District,28.6,498,2,0.86,
2025-12-14,09:15,Metro,M-Blue,North District,West District,19.8,78,0,0.59,3.0
2025-12-14,09:30,Metro,M-Yellow,North District,West District,9.2,386,2,0.28,2.0
2025-12-14,19:00,Metro,M-Blue,South District,West District,26.3,87,0,0.79,3.0
2025-12-14,19:00,Metro,M-Red,East District,West District,7.6,95,0,0.23,4.0
2025-12-14,19:15,Metro,M-Blue,North District,City Center,10.6,4,0,0.32,3.0
2025-12-14,19:30,Metro,M-Green,North District,South District,28.4,237,1,0.85,4.0
2025-12-14,20:00,Tram,T-12,East District,West District,4.6,78,3,0.18,3.0
2025-12-14,21:30,Bus,B-92,West District,North District,5.0,41,1,0.5,4.0
2025-12-14,23:00,Bus,B-40,West District,City Center,12.3,62,12,1.23,3.0
2025-12-14,23:45,Bus,B-29,North District,South District,12.1,48,0,1.21,4.0
2025-12-15,08:00,Tram,T-15,North District,West District,5.5,79,14,0.22,
2025-12-15,09:15,Tram,T-7,South District,West District,2.2,54,0,0.09,3.0
2025-12-15,10:45,Bus,B-80,West District,East District,10.3,44,4,1.03,4.0
2025-12-15,13:00,Bus,B-96,East District,West District,4.1,31,0,0.41,
2025-12-15,15:00,Metro,M-Blue,North District,West District,12.1,244,0,0.36,4.0
2025-12-15,22:45,Rail,R-Express,East District,South District,70.9,431,9,3.55,2.0
2025-12-15,23:15,Metro,M-Green,West District,North District,14.6,488,1,0.44,4.0
2025-12-16,05:00,Tram,T-10,South District,North District,4.5,64,7,0.18,3.0
2025-12-16,05:15,Bus,B-93,North District,West District,6.4,17,0,0.64,3.0
2025-12-16,06:15,Tram,T-12,City Center,South District,7.9,63,0,0.32,4.0
2025-12-16,12:00,Bus,B-37,City Center,South District,13.2,30,9,1.32,5.0
2025-12-16,17:15,Bus,B-46,West District,East District,8.6,65,18,0.86,2.0
2025-12-16,18:15,Bus,B-59,West District,East District,8.4,69,0,0.84,3.0
2025-12-17,07:15,Bus,B-41,City Center,South District,12.2,46,0,1.22,4.0
2025-12-17,08:45,Metro,M-Blue,South District,East District,17.5,357,3,0.53,4.0
2025-12-17,12:30,Metro,M-Yellow,East District,City Center,18.1,60,6,0.54,3.0
2025-12-17,14:30,Shared Cycling,Cycle-Share,City Center,East District,0.8,1,0,0.0,
2025-12-17,14:45,Bus,B-52,North District,City Center,3.2,33,15,0.32,3.0
2025-12-17,17:30,Bus,B-80,East District,North District,3.0,26,0,0.3,3.0
2025-12-18,07:15,Metro,M-Red,North District,City Center,28.8,313,1,0.86,3.0
2025-12-18,08:00,Metro,M-Blue,West District,South District,24.3,293,2,0.73,3.0
2025-12-18,09:15,Bus,B-39,West District,North District,4.8,29,3,0.48,2.0
2025-12-18,09:15,Shared Cycling,Cycle-Share,West District,North District,4.8,1,0,0.0,3.0
2025-12-18,17:15,Tram,T-5,City Center,East District,7.6,83,0,0.3,3.0
2025-12-18,19:15,Metro,M-Green,South District,West District,28.1,353,0,0.84,3.0
2025-12-18,20:15,Bus,B-49,South District,West District,3.0,21,0,0.3,3.0
2025-12-18,20:30,Bus,B-34,East District,West District,2.5,36,0,0.25,4.0
2025-12-19,12:15,Bus,B-46,City Center,West District,8.4,38,0,0.84,2.0
2025-12-19,12:30,Bus,B-23,City Center,East District,14.9,20,7,1.49,1.0
2025-12-19,17:30,Tram,T-2,South District,North District,6.8,80,6,0.27,3.0
2025-12-19,19:00,Metro,M-Green,City Center,North District,16.7,204,0,0.5,4.0
2025-12-19,20:00,Metro,M-Red,East District,West District,29.0,258,5,0.87,2.0
2025-12-19,22:45,Bus,B-59,East District,West District,11.1,55,1,1.11,4.0
2025-12-20,05:45,Bus,B-40,City Center,South District,8.6,51,18,0.86,4.0
2025-12-20,06:00,Bus,B-20,City Center,West District,3.3,53,0,0.33,3.0
2025-12-20,08:00,Bus,B-71,East District,West District,4.9,30,7,0.49,3.0
2025-12-20,12:00,Tram,T-10,South District,West District,2.3,55,0,0.09,3.0
2025-12-20,14:45,Bus,B-76,North District,City Center,8.9,28,13,0.89,3.0
2025-12-20,15:00,Bus,B-99,City Center,South District,7.6,26,5,0.76,2.0
2025-12-20,17:15,Bus,B-92,South District,West District,4.0,48,5,0.4,4.0
2025-12-20,18:45,Tram,T-10,East District,West District,2.9,58,3,0.12,3.0
2025-12-20,21:30,Bus,B-82,City Center,North District,8.8,40,0,0.88,3.0
2025-12-21,05:15,Bus,B-44,City Center,East District,2.3,34,2,0.23,3.0
2025-12-21,10:00,Metro,M-Blue,City Center,South District,7.6,418,11,0.23,4.0
2025-12-21,17:15,Bus,B-10,City Center,West District,5.5,30,0,0.55,2.0
2025-12-21,18:30,Rail,R-Local,West District,South District,52.8,415,10,2.64,1.0
2025-12-22,05:30,Bus,B-43,West District,South District,13.1,42,0,1.31,3.0
2025-12-22,10:30,Metro,M-Red,South District,West District,27.8,480,10,0.83,4.0
2025-12-22,11:45,Tram,T-3,West District,South District,9.3,80,2,0.37,3.0
2025-12-22,23:30,Bus,B-28,City Center,South District,4.1,30,12,0.41,2.0
2025-12-22,23:45,Metro,M-Blue,North District,East District,18.4,465,2,0.55,4.0
2025-12-23,10:45,Shared Cycling,Cycle-Share,North District,City Center,1.6,1,0,0.0,4.0
2025-12-23,11:15,Bus,B-59,North District,East District,8.3,59,0,0.83,4.0
2025-12-23,11:15,Bus,B-63,East District,North District,8.4,5,13,0.84,2.0
2025-12-23,17:30,Bus,B-60,North District,South District,3.8,18,14,0.38,3.0
2025-12-23,17:45,Bus,B-48,West District,East District,6.6,48,13,0.66,4.0
2025-12-23,18:30,Bus,B-43,West District,South District,3.3,43,8,0.33,5.0
2025-12-23,19:45,Tram,T-11,East District,West District,3.4,81,6,0.14,5.0
2025-12-23,22:00,Metro,M-Blue,West District,City Center,7.5,399,0,0.22,3.0
2025-12-23,22:45,Bus,B-90,West District,South District,9.6,32,0,0.96,3.0
2025-12-24,12:00,Rail,R-Local,South District,City Center,47.1,531,11,2.35,3.0
2025-12-24,16:45,Metro,M-Green,South District,West District,22.6,248,2,0.68,3.0
2025-12-24,18:15,Bus,B-20,West District,East District,6.6,37,0,0.66,3.0
2025-12-24,21:30,Tram,T-7,West District,City Center,5.2,90,0,0.21,3.0
2025-12-24,23:15,Metro,M-Green,East District,City Center,8.5,330,1,0.26,2.0
2025-12-25,06:45,Rail,R-Local,City Center,South District,44.0,488,29,2.2,3.0
2025-12-25,09:00,Bus,B-86,East District,North District,13.5,58,8,1.35,2.0
2025-12-25,10:15,Bus,B-50,East District,West District,13.5,45,0,1.35,
2025-12-25,13:15,Bus,B-15,West District,East District,14.6,36,5,1.46,2.0
2025-12-25,15:15,Bus,B-47,East District,South District,4.1,45,8,0.41,1.0
2025-12-25,18:00,Metro,M-Blue,West District,City Center,27.5,206,0,0.82,4.0
2025-12-26,05:30,Bus,B-35,South District,East District,2.8,56,9,0.28,3.0
2025-12-26,07:30,Metro,M-Yellow,West District,City Center,28.2,380,0,0.85,4.0
2025-12-26,08:15,Tram,T-6,East District,South District,7.3,31,2,0.29,2.0
2025-12-26,11:30,Metro,M-Red,East District,City Center,9.0,164,0,0.27,3.0
2025-12-26,11:30,Bus,B-89,South District,City Center,11.0,45,4,1.1,2.0
2025-12-26,13:00,Tram,T-14,West District,North District,5.0,40,5,0.2,3.0
2025-12-26,18:15,Bus,B-75,City Center,West District,2.8,32,0,0.28,4.0
2025-12-26,22:15,Metro,M-Green,City Center,West District,28.7,233,4,0.86,4.0
2025-12-26,23:45,Bus,B-15,South District,City Center,2.5,69,9,0.25,4.0
2025-12-27,07:15,Rail,R-Express,North District,West District,26.8,686,0,1.34,2.0
2025-12-27,07:45,Bus,B-26,East District,North District,8.5,63,0,0.85,2.0
2025-12-27,16:00,Rail,R-Express,South District,West District,35.8,378,10,1.79,4.0
2025-12-27,21:45,Metro,M-Blue,South District,West District,29.7,200,0,0.89,3.0
2025-12-27,22:00,Tram,T-7,North District,West District,5.6,110,3,0.22,2.0
2025-12-28,05:45,Bus,B-18,City Center,South District,8.2,26,8,0.82,2.0
2025-12-28,10:30,Shared Cycling,Cycle-Share,East District,West District,0.9,1,0,0.0,3.0
2025-12-28,11:15,Metro,M-Blue,South District,West District,27.8,436,0,0.83,3.0
2025-12-28,17:30,Metro,M-Red,West District,East District,29.5,386,0,0.89,4.0
2025-12-28,20:45,Metro,M-Blue,East District,South District,6.0,593,0,0.18,3.0
2025-12-28,23:45,Rail,R-Express,East District,West District,32.3,591,0,1.61,2.0
2025-12-29,05:30,Metro,M-Red,West District,East District,29.9,254,2,0.9,5.0
2025-12-29,06:30,Rail,R-Express,West District,South District,62.9,313,18,3.15,2.0
2025-12-29,17:00,Metro,M-Blue,East District,South District,18.4,394,0,0.55,4.0
2025-12-29,17:45,Bus,B-18,South District,City Center,14.1,26,6,1.41,2.0
2025-12-29,19:00,Rail,R-Local,North District,City Center,31.6,238,0,1.58,3.0
2025-12-29,22:30,Bus,B-53,South District,West District,4.6,23,4,0.46,3.0
2025-12-29,23:00,Shared Cycling,Cycle-Share,South District,East District,3.7,1,0,0.0,5.0
2025-12-30,10:00,Bus,B-66,City Center,East District,11.6,17,14,1.16,3.0
2025-12-30,14:00,Tram,T-11,City Center,West District,9.1,125,0,0.36,2.0
2025-12-30,14:45,Rail,R-Local,South District,North District,26.8,418,0,1.34,5.0
2025-12-30,18:15,Shared Cycling,Cycle-Share,East District,West District,2.6,1,0,0.0,3.0
2025-12-30,23:45,Tram,T-4,North District,West District,4.5,46,0,0.18,4.0
2025-12-31,06:15,Bus,B-85,North District,West District,7.3,57,2,0.73,3.0
2025-12-31,07:30,Rail,R-Express,City Center,South District,41.9,168,0,2.1,1.0
2025-12-31,09:30,Bus,B-33,East District,West District,11.3,44,5,1.13,4.0
2025-12-31,10:00,Bus,B-87,North District,City Center,6.7,32,14,0.67,3.0
2025-12-31,13:30,Bus,B-78,West District,City Center,12.0,24,14,1.2,3.0
